,price,ttf,eua,css
2023-01-01 00:00:00+01:00,14.913333333333334,72.31400299072266,79.49500274658203,-164.9604577220956
2023-01-02 00:00:00+01:00,123.82,72.31400299072266,79.49500274658203,-56.053791055428945
2023-01-03 00:00:00+01:00,145.95458333333332,72.31400299072266,79.49500274658203,-33.91920772209562
2023-01-04 00:00:00+01:00,58.94166666666666,65.02200317382812,73.9000015258789,-103.7894619351157
2023-01-05 00:00:00+01:00,107.45541666666666,72.4219970703125,75.25499725341797,-70.894891730449
2023-01-06 00:00:00+01:00,117.47333333333334,69.53399658203125,73.8949966430664,-54.43952216011398
2023-01-07 00:00:00+01:00,88.80874999999999,69.53399658203125,73.8949966430664,-83.10410549344734
2023-01-08 00:00:00+01:00,68.94166666666668,69.53399658203125,73.8949966430664,-102.97118882678065
2023-01-09 00:00:00+01:00,129.29166666666666,74.302001953125,78.37999725341797,-54.17009070828843
2023-01-10 00:00:00+01:00,123.13041666666668,70.07099914550781,77.49500274658203,-51.355619767930065
2023-01-11 00:00:00+01:00,84.08083333333333,65.34600067138672,75.3499984741211,-79.90593720026972
2023-01-12 00:00:00+01:00,70.74291666666666,66.80899810791016,76.57499694824219,-96.72532573401536
2023-01-13 00:00:00+01:00,66.64208333333333,64.81199645996094,76.09500122070312,-96.56407727432587
2023-01-14 00:00:00+01:00,29.344166666666666,64.81199645996094,76.09500122070312,-133.86199394099253
2023-01-15 00:00:00+01:00,9.259166666666667,64.81199645996094,76.09500122070312,-153.94699394099254
2023-01-16 00:00:00+01:00,128.74875,64.81199645996094,74.29499816894531,-33.717332007099316
2023-01-17 00:00:00+01:00,133.56666666666666,60.06100082397461,76.05500030517578,-19.952793715218377
2023-01-18 00:00:00+01:00,143.75625,61.70899963378906,79.77999877929688,-14.649122251591763
2023-01-19 00:00:00+01:00,148.21375,60.71699905395508,80.66000366210938,-8.534305757584292
2023-01-20 00:00:00+01:00,180.65958333333333,66.89800262451172,81.5,10.985244590179036
2023-01-21 00:00:00+01:00,144.39166666666668,66.89800262451172,81.5,-25.282672076487614
2023-01-22 00:00:00+01:00,151.15083333333334,66.89800262451172,81.5,-18.523505409820956
2023-01-23 00:00:00+01:00,202.73416666666665,65.9990005493164,81.49500274658203,34.89172599065205
2023-01-24 00:00:00+01:00,202.69291666666666,58.26900100708008,79.05500030517578,51.58745957583503
2023-01-25 00:00:00+01:00,181.7420833333333,56.65999984741211,81.30000305175781,32.988571296152
2023-01-26 00:00:00+01:00,167.66875000000002,54.814998626708984,85.4000015258789,20.98485231032666
2023-01-27 00:00:00+01:00,168.76125,55.42499923706055,85.49500274658203,20.796687020414993
2023-01-28 00:00:00+01:00,144.69875,55.42499923706055,85.49500274658203,-3.2658129795850073
2023-01-29 00:00:00+01:00,123.58791666666667,55.42499923706055,85.49500274658203,-24.376646312918325
2023-01-30 00:00:00+01:00,74.21375,55.15599822998047,86.11000061035156,-73.45614284199365
2023-01-31 00:00:00+01:00,117.32166666666667,57.35200119018555,89.3949966430664,-36.16864579432449
2023-02-01 00:00:00+01:00,93.07791666666667,59.527000427246094,91.36000061035156,-65.64734396947647
2023-02-02 00:00:00+01:00,136.14666666666668,57.040000915527344,89.25,-16.648979406053343
2023-02-03 00:00:00+01:00,102.61083333333333,57.888999938964844,89.73999786376953,-52.114343763036075
2023-02-04 00:00:00+01:00,146.01125,57.888999938964844,89.73999786376953,-8.713927096369417
2023-02-05 00:00:00+01:00,131.36666666666667,57.888999938964844,89.73999786376953,-23.358510429702733
2023-02-06 00:00:00+01:00,172.96333333333334,58.10900115966797,87.05000305175781,18.896364523801395
2023-02-07 00:00:00+01:00,172.9225,55.40299987792969,86.72000122070312,24.499051751451844
2023-02-08 00:00:00+01:00,152.10458333333335,53.6870002746582,86.33999633789062,7.33014910798812
2023-02-09 00:00:00+01:00,132.54458333333335,52.73400115966797,87.20999908447266,-10.647806193903477
2023-02-10 00:00:00+01:00,125.92291666666667,53.946998596191406,89.12000274658203,-20.523733345547825
2023-02-11 00:00:00+01:00,106.26791666666666,53.946998596191406,89.12000274658203,-40.178733345547826
2023-02-12 00:00:00+01:00,136.30875,53.946998596191406,89.12000274658203,-10.137900012214487
2023-02-13 00:00:00+01:00,163.49625,51.707000732421875,88.33000183105469,21.933740123560113
2023-02-14 00:00:00+01:00,154.49291666666667,52.38600158691406,88.01499938964844,11.677871961551574
2023-02-15 00:00:00+01:00,143.52125,54.715999603271484,90.73500061035156,-5.15465011512822
2023-02-16 00:00:00+01:00,136.73125000000002,52.01100158691406,93.54000091552734,-7.592140539081157
2023-02-17 00:00:00+01:00,81.14916666666666,49.047000885009766,92.2699966430664,-56.619081261094735
2023-02-18 00:00:00+01:00,94.67291666666667,49.047000885009766,92.2699966430664,-43.09533126109473
2023-02-19 00:00:00+01:00,114.05416666666667,49.047000885009766,92.2699966430664,-23.71408126109472
2023-02-20 00:00:00+01:00,61.41708333333333,49.047000885009766,94.34500122070312,-77.20431119463697
2023-02-21 00:00:00+01:00,122.44583333333333,48.54199981689453,96.25,-15.930921840480067
2023-02-22 00:00:00+01:00,148.64791666666667,50.56800079345703,92.37999725341797,7.738573620366111
2023-02-23 00:00:00+01:00,146.12041666666667,50.779998779296875,92.66500091552734,4.6623890578057114
2023-02-24 00:00:00+01:00,118.3025,51.01300048828125,93.16999816894531,-23.837414753527796
2023-02-25 00:00:00+01:00,89.29041666666667,51.01300048828125,93.16999816894531,-52.84949808686112
2023-02-26 00:00:00+01:00,109.82208333333334,51.01300048828125,93.16999816894531,-32.31783142019445
2023-02-27 00:00:00+01:00,152.27458333333334,47.29899978637695,95.94999694824219,16.55119809026013
2023-02-28 00:00:00+01:00,148.045,46.665000915527344,95.04000091552734,13.986214939011035
2023-03-01 00:00:00+01:00,142.96833333333333,47.08399963378906,92.41999816894531,9.133936297070335
2023-03-02 00:00:00+01:00,144.30666666666667,46.814998626708984,88.79499816894531,12.51023219315573
2023-03-03 00:00:00+01:00,136.76375,44.97999954223633,88.02999877929688,9.016835089244253
2023-03-04 00:00:00+01:00,107.47166666666668,44.97999954223633,88.02999877929688,-20.275248244089056
2023-03-05 00:00:00+01:00,121.78666666666668,44.97999954223633,88.02999877929688,-5.960248244089058
2023-03-06 00:00:00+01:00,150.67291666666668,42.14899826049805,89.01000213623047,28.285335368037337
2023-03-07 00:00:00+01:00,106.86791666666666,43.369998931884766,91.48500061035156,-19.022514953882464
2023-03-08 00:00:00+01:00,138.89041666666665,42.3390007019043,93.55000305175781,14.24946140845502
2023-03-09 00:00:00+01:00,127.19916666666667,43.5989990234375,94.75499725341797,-0.501847924475058
2023-03-10 00:00:00+01:00,115.61375,52.856998443603516,95.80999755859375,-31.364914666068515
2023-03-11 00:00:00+01:00,98.605,52.856998443603516,95.80999755859375,-48.37366466606851
2023-03-12 00:00:00+01:00,95.53250000000001,52.856998443603516,95.80999755859375,-51.4461646660685
2023-03-13 00:00:00+01:00,37.13916666666667,49.58399963378906,93.62000274658203,-102.27715775547587
2023-03-14 00:00:00+01:00,71.47958333333334,44.185001373291016,88.83999633789062,-54.98221319332029
2023-03-15 00:00:00+01:00,127.72458333333333,42.904998779296875,85.44499969482422,5.263991601903726
2023-03-16 00:00:00+01:00,105.57458333333334,44.340999603271484,84.19999694824219,-19.296979839506903
2023-03-17 00:00:00+01:00,92.34750000000001,42.856998443603516,83.75499725341797,-29.320539667807736
2023-03-18 00:00:00+01:00,109.33749999999999,42.856998443603516,83.75499725341797,-12.330539667807756
2023-03-19 00:00:00+01:00,111.99208333333333,42.856998443603516,83.75499725341797,-9.67595633447442
2023-03-20 00:00:00+01:00,125.17291666666667,39.32500076293945,84.08000183105469,10.560335488542293
2023-03-21 00:00:00+01:00,115.05250000000001,42.400001525878906,86.55500030517578,-6.8365934002125215
2023-03-22 00:00:00+01:00,80.17791666666666,39.974998474121094,85.83499908447266,-36.47925469336708
2023-03-23 00:00:00+01:00,74.70958333333333,43.18600082397461,89.1050033569336,-49.82778996622946
2023-03-24 00:00:00+01:00,53.115833333333335,41.09400177001953,84.44999694824219,-65.24952623020107
2023-03-25 00:00:00+01:00,14.66625,41.09400177001953,84.44999694824219,-103.6991095635344
2023-03-26 00:00:00+01:00,70.62391304347825,41.09400177001953,84.44999694824219,-47.74144652005616
2023-03-27 00:00:00+02:00,92.31833333333333,42.52799987792969,84.09500122070312,-28.819851328811424
2023-03-28 00:00:00+02:00,113.15125,42.75199890136719,85.83000183105469,-9.15621849428095
2023-03-29 00:00:00+02:00,116.53916666666667,42.803001403808594,86.55000305175781,-6.16814458972182
2023-03-30 00:00:00+02:00,81.44083333333333,43.60900115966797,87.21499633789062,-43.180437621117875
2023-03-31 00:00:00+02:00,97.59375,47.845001220703125,88.375,-36.126484522090635
2023-04-01 00:00:00+02:00,55.76583333333334,47.845001220703125,88.375,-77.95440118875729
2023-04-02 00:00:00+02:00,67.33083333333333,47.845001220703125,88.375,-66.3894011887573
2023-04-03 00:00:00+02:00,114.79791666666667,51.367000579833984,91.98500061035156,-27.57531904089491
2023-04-04 00:00:00+02:00,132.06958333333333,46.56800079345703,91.40499877929688,-0.2972201408677506
2023-04-05 00:00:00+02:00,140.97166666666666,44.57500076293945,92.8499984741211,12.067330304541855
2023-04-06 00:00:00+02:00,124.28458333333333,43.125,92.83999633789062,-1.6642855049607874
2023-04-07 00:00:00+02:00,108.63041666666668,43.125,92.83999633789062,-17.31845217162744
2023-04-08 00:00:00+02:00,116.89416666666666,43.125,92.83999633789062,-9.054702171627454
2023-04-09 00:00:00+02:00,105.0475,43.125,92.83999633789062,-20.90136883829412
2023-04-10 00:00:00+02:00,39.974583333333335,43.125,92.83999633789062,-85.97428550496079
2023-04-11 00:00:00+02:00,59.98541666666667,43.69200134277344,94.32499694824219,-67.72809997554452
2023-04-12 00:00:00+02:00,107.6925,42.880001068115234,92.30500030517578,-17.537728230736306
2023-04-13 00:00:00+02:00,108.41375,42.09299850463867,90.7699966430664,-14.58347741001036
2023-04-14 00:00:00+02:00,128.79583333333332,41.14899826049805,90.2249984741211,7.94411757459018
2023-04-15 00:00:00+02:00,106.79708333333333,41.14899826049805,90.2249984741211,-14.054632425409807
2023-04-16 00:00:00+02:00,110.09958333333333,41.14899826049805,90.2249984741211,-10.752132425409812
2023-04-17 00:00:00+02:00,124.23583333333333,41.12699890136719,89.34500122070312,3.7907098895123994
2023-04-18 00:00:00+02:00,108.22541666666666,42.72200012207031,91.84500122070312,-16.494083371298615
2023-04-19 00:00:00+02:00,87.51583333333333,40.29800033569336,91.0250015258789,-31.932671946375407
2023-04-20 00:00:00+02:00,111.70625,40.564998626708984,88.31500244140625,-7.171480754881031
2023-04-21 00:00:00+02:00,89.47500000000001,40.16400146484375,86.36000061035156,-27.782727637156043
2023-04-22 00:00:00+02:00,84.46708333333333,40.16400146484375,86.36000061035156,-32.79064430382272
2023-04-23 00:00:00+02:00,85.80083333333333,40.16400146484375,86.36000061035156,-31.456894303822722
2023-04-24 00:00:00+02:00,104.60333333333334,39.92499923706055,85.30000305175781,-11.732102965294018
2023-04-25 00:00:00+02:00,100.99624999999999,39.83300018310547,83.36000061035156,-14.35429000894868
2023-04-26 00:00:00+02:00,110.72083333333335,38.55099868774414,82.44499969482422,-1.6440936483451338
2023-04-27 00:00:00+02:00,112.08583333333333,39.03900146484375,82.80999755859375,-1.4224527885467495
2023-04-28 00:00:00+02:00,106.00333333333333,38.53799819946289,84.25,-7.077265485032015
2023-04-29 00:00:00+02:00,100.64625000000001,38.53799819946289,84.25,-12.434348818365336
2023-04-30 00:00:00+02:00,68.28666666666666,38.53799819946289,84.25,-44.793932151698684
2023-05-01 00:00:00+02:00,87.54916666666666,38.83399963378906,84.25,-26.133918278965467
2023-05-02 00:00:00+02:00,106.10125,37.52899932861328,85.18499755859375,-5.310044189800976
2023-05-03 00:00:00+02:00,107.79875,36.78200149536133,81.91500091552734,-0.7476202021124578
2023-05-04 00:00:00+02:00,97.49958333333332,35.65299987792969,81.5199966430664,-8.586391020074174
2023-05-05 00:00:00+02:00,96.05,36.57400131225586,81.90499877929688,-12.068890831821335
2023-05-06 00:00:00+02:00,89.52458333333334,36.57400131225586,81.90499877929688,-18.594307498487993
2023-05-07 00:00:00+02:00,66.9825,36.57400131225586,81.90499877929688,-41.13639083182133
2023-05-08 00:00:00+02:00,96.3725,36.874000549316406,81.90499877929688,-12.35701415170847
2023-05-09 00:00:00+02:00,94.63791666666667,35.95000076293945,83.48999786376953,-12.862552153648608
2023-05-10 00:00:00+02:00,107.89375,34.99300003051758,85.97000122070312,1.3215125135363195
2023-05-11 00:00:00+02:00,116.13541666666667,34.99300003051758,85.27999877929688,9.846876499893725
2023-05-12 00:00:00+02:00,100.50625000000001,32.766998291015625,85.36499786376953,-1.2863977905496853
2023-05-13 00:00:00+02:00,78.35333333333334,32.766998291015625,85.36499786376953,-23.439314457216355
2023-05-14 00:00:00+02:00,72.0025,32.766998291015625,85.36499786376953,-29.790147790549696
2023-05-15 00:00:00+02:00,113.84041666666667,32.31399917602539,83.79000091552734,13.617377055508697
2023-05-16 00:00:00+02:00,79.29541666666667,31.820999145507812,85.63999938964844,-20.684797097259235
2023-05-17 00:00:00+02:00,78.58375,31.952999114990234,85.19999694824219,-21.48422984639764
2023-05-18 00:00:00+02:00,86.73416666666667,29.78499984741211,86.8550033569336,-9.601494895541137
2023-05-19 00:00:00+02:00,87.28458333333333,30.176000595092773,86.31999969482422,-9.626958562549547
2023-05-20 00:00:00+02:00,46.80916666666667,30.176000595092773,86.31999969482422,-50.10237522921621
2023-05-21 00:00:00+02:00,28.464166666666667,30.176000595092773,86.31999969482422,-68.4473752292162
2023-05-22 00:00:00+02:00,97.33125,29.711000442504883,84.69999694824219,2.0322477080199235
2023-05-23 00:00:00+02:00,72.78541666666666,29.12700080871582,82.2699966430664,-20.32579874268656
2023-05-24 00:00:00+02:00,102.27333333333333,27.78499984741211,81.86000061035156,12.062220020279952
2023-05-25 00:00:00+02:00,81.64999999999999,25.45199966430664,79.98999786376953,-3.0436275855650194
2023-05-26 00:00:00+02:00,69.98416666666667,24.520000457763672,79.31500244140625,-12.534927473222893
2023-05-27 00:00:00+02:00,62.67166666666666,24.520000457763672,79.31500244140625,-19.8474274732229
2023-05-28 00:00:00+02:00,26.55333333333333,24.520000457763672,79.31500244140625,-55.96576080655623
2023-05-29 00:00:00+02:00,21.4525,24.520000457763672,79.31500244140625,-61.06659413988956
2023-05-30 00:00:00+02:00,87.73875,24.680999755859375,77.58000183105469,5.605307855215912
2023-05-31 00:00:00+02:00,72.31750000000001,26.851999282836914,78.30000305175781,-14.530861284941963
2023-06-01 00:00:00+02:00,72.90041666666666,23.10300064086914,76.27999877929688,-5.486638888568649
2023-06-02 00:00:00+02:00,81.01666666666667,23.68899917602539,76.24500274658203,1.4512489364917087
2023-06-03 00:00:00+02:00,56.36708333333333,23.68899917602539,76.24500274658203,-23.198334396841624
2023-06-04 00:00:00+02:00,49.67291666666667,23.68899917602539,76.24500274658203,-29.892501063508284
2023-06-05 00:00:00+02:00,90.75708333333334,28.47800064086914,79.6500015258789,0.04407509173620383
2023-06-06 00:00:00+02:00,98.13916666666667,24.860000610351562,78.76499938964844,15.154166693003845
2023-06-07 00:00:00+02:00,100.93083333333334,26.33099937438965,80.75,14.135597480718545
2023-06-08 00:00:00+02:00,84.51791666666666,26.94499969482422,81.125,-3.681248191514115
2023-06-09 00:00:00+02:00,86.68374999999999,32.04899978637695,83.7699966430664,-12.991680710922807
2023-06-10 00:00:00+02:00,55.1275,32.04899978637695,83.7699966430664,-44.5479307109228
2023-06-11 00:00:00+02:00,40.74666666666666,32.04899978637695,83.7699966430664,-58.928764044256134
2023-06-12 00:00:00+02:00,96.39875,31.035999298095703,84.30000305175781,-1.4327173611861923
2023-06-13 00:00:00+02:00,90.02708333333334,36.05099868774414,87.11000061035156,-19.167337206123534
2023-06-14 00:00:00+02:00,102.93958333333335,38.3120002746582,89.71499633789062,-11.927971185111815
2023-06-15 00:00:00+02:00,120.30833333333334,41.14500045776367,90.19999694824219,-0.5249657533928911
2023-06-16 00:00:00+02:00,127.52,35.007999420166016,88.9000015258789,19.71255092938418
2023-06-17 00:00:00+02:00,104.53833333333334,35.007999420166016,88.9000015258789,-3.269115737282476
2023-06-18 00:00:00+02:00,93.02458333333334,35.007999420166016,88.9000015258789,-14.782865737282478
2023-06-19 00:00:00+02:00,116.97291666666666,35.007999420166016,88.8949966430664,9.167525374044175
2023-06-20 00:00:00+02:00,121.1475,38.70800018310547,91.5,4.740009295531294
2023-06-21 00:00:00+02:00,123.46916666666668,36.74300003051758,87.63500213623047,12.65037883431144
2023-06-22 00:00:00+02:00,125.71125,34.09700012207031,86.97000122070312,20.551591199567795
2023-06-23 00:00:00+02:00,106.40625,32.50699996948242,84.7699966430664,5.387444196251096
2023-06-24 00:00:00+02:00,81.81708333333334,32.50699996948242,84.7699966430664,-19.20172247041556
2023-06-25 00:00:00+02:00,75.48333333333333,32.50699996948242,84.7699966430664,-25.53547247041557
2023-06-26 00:00:00+02:00,97.48958333333333,31.975000381469727,83.17500305175781,-1.7905937436559043
2023-06-27 00:00:00+02:00,101.94625,34.50600051879883,85.68000030517578,-3.51550571024697
2023-06-28 00:00:00+02:00,112.51583333333333,34.125,84.5250015258789,8.304454729165741
2023-06-29 00:00:00+02:00,118.08083333333333,35.18000030517578,84.91500091552734,11.561740131395013
2023-06-30 00:00:00+02:00,110.02666666666666,37.10300064086914,85.98999786376953,-0.8485220354513672
2023-07-01 00:00:00+02:00,66.41458333333334,37.10300064086914,85.98999786376953,-44.460605368784684
2023-07-02 00:00:00+02:00,-53.87083333333334,37.10300064086914,85.98999786376953,-164.74602203545135
2023-07-03 00:00:00+02:00,53.22083333333333,33.92900085449219,84.37000274658203,-50.52787704586828
2023-07-04 00:00:00+02:00,85.12333333333333,33.92900085449219,84.33499908447266,-18.610985147341736
2023-07-05 00:00:00+02:00,69.79916666666666,34.37300109863281,82.8949966430664,-34.24681424221228
2023-07-06 00:00:00+02:00,107.20458333333333,32.347999572753906,82.83499908447266,7.304991662628311
2023-07-07 00:00:00+02:00,102.96791666666667,33.47800064086914,83.06999969482422,0.67168100775433
2023-07-08 00:00:00+02:00,82.19166666666666,33.47800064086914,83.06999969482422,-20.104568992245675
2023-07-09 00:00:00+02:00,89.33208333333333,33.47800064086914,83.06999969482422,-12.964152325579008
2023-07-10 00:00:00+02:00,113.98625,30.226999282836914,83.06999969482422,18.30715531001138
2023-07-11 00:00:00+02:00,105.95791666666668,29.06100082397461,83.87999725341797,12.319080376894561
2023-07-12 00:00:00+02:00,87.5075,26.638999938964844,82.75499725341797,-0.7390080076435481
2023-07-13 00:00:00+02:00,97.71,26.60700035095215,82.8949966430664,9.471063153161879
2023-07-14 00:00:00+02:00,96.96708333333333,25.957000732421875,83.16000366210938,9.942207550373908
2023-07-15 00:00:00+02:00,33.32375,25.957000732421875,83.16000366210938,-53.70112578295943
2023-07-16 00:00:00+02:00,14.529583333333333,25.957000732421875,83.16000366210938,-72.49529244962609
2023-07-17 00:00:00+02:00,81.91875,25.10099983215332,83.71499633789062,-3.59199515043197
2023-07-18 00:00:00+02:00,106.46458333333334,27.069000244140625,85.06999969482422,16.391023018871465
2023-07-19 00:00:00+02:00,97.31708333333334,26.96299934387207,85.92500305175781,7.107740853530487
2023-07-20 00:00:00+02:00,96.50875,28.01799964904785,87.81999969482422,3.3729071597754086
2023-07-21 00:00:00+02:00,104.39999999999999,28.163999557495117,88.40499877929688,10.726461813732769
2023-07-22 00:00:00+02:00,76.73416666666667,28.163999557495117,88.40499877929688,-16.939371519600556
2023-07-23 00:00:00+02:00,30.923333333333332,28.163999557495117,88.40499877929688,-62.75020485293389
2023-07-24 00:00:00+02:00,90.52999999999999,30.55699920654297,88.00499725341797,-7.849826280751884
2023-07-25 00:00:00+02:00,104.15458333333333,32.64799880981445,88.95999908447266,1.1260495965575785
2023-07-26 00:00:00+02:00,95.24458333333332,29.274999618530273,87.7699966430664,-0.4292187029575132
2023-07-27 00:00:00+02:00,93.91125,28.43400001525879,87.93499755859375,-0.11860858354310722
2023-07-28 00:00:00+02:00,95.91916666666667,25.840999603271484,85.80500030517578,8.042900302089024
2023-07-29 00:00:00+02:00,76.67541666666666,25.840999603271484,85.80500030517578,-11.200849697910982
2023-07-30 00:00:00+02:00,31.754583333333333,25.840999603271484,85.80500030517578,-56.12168303124432
2023-07-31 00:00:00+02:00,70.96916666666667,28.365999221801758,83.84500122070312,-21.24066331172493
2023-08-01 00:00:00+02:00,79.42791666666666,27.12299919128418,81.69499969482422,-9.367908958488385
2023-08-02 00:00:00+02:00,68.28791666666667,28.742000579833984,80.75,-23.41471020048982
2023-08-03 00:00:00+02:00,45.41458333333333,30.472999572753906,81.875,-50.273895341109785
2023-08-04 00:00:00+02:00,98.59458333333333,28.85300064086914,80.95500183105469,6.581737799561338
2023-08-05 00:00:00+02:00,90.30708333333332,28.85300064086914,80.95500183105469,-1.70576220043867
2023-08-06 00:00:00+02:00,57.90958333333333,28.85300064086914,80.95500183105469,-34.103262200438664
2023-08-07 00:00:00+02:00,19.435416666666665,30.48699951171875,80.3949966430664,-75.67304829083011
2023-08-08 00:00:00+02:00,12.057083333333333,31.06599998474121,81.73999786376953,-84.78289133229389
2023-08-09 00:00:00+02:00,88.34875,39.823001861572266,81.26499938964844,-26.12007096128893
2023-08-10 00:00:00+02:00,102.1725,37.055999755859375,82.12999725341797,-7.0199673337060915
2023-08-11 00:00:00+02:00,100.44416666666666,35.29999923706055,84.13500213623047,-5.998474629036778
2023-08-12 00:00:00+02:00,80.135,35.29999923706055,84.13500213623047,-26.307641295703434
2023-08-13 00:00:00+02:00,65.20875,35.29999923706055,84.13500213623047,-41.233891295703444
2023-08-14 00:00:00+02:00,103.37166666666667,34.433998107910156,85.31500244140625,-1.7934638057009664
2023-08-15 00:00:00+02:00,93.55666666666667,38.8129997253418,84.25499725341797,-20.08572936535495
2023-08-16 00:00:00+02:00,110.80708333333332,37.784000396728516,85.5199966430664,-1.2609804131106586
2023-08-17 00:00:00+02:00,111.3625,36.82500076293945,86.13500213623047,0.9935376664807478
2023-08-18 00:00:00+02:00,108.99000000000001,36.40999984741211,85.38500213623047,-0.22589716859488362
2023-08-19 00:00:00+02:00,84.79208333333334,36.40999984741211,85.38500213623047,-24.423813835261555
2023-08-20 00:00:00+02:00,90.12208333333332,36.40999984741211,85.38500213623047,-19.09381383526157
2023-08-21 00:00:00+02:00,121.10708333333332,40.78200149536133,85.2249984741211,3.058129156386869
2023-08-22 00:00:00+02:00,123.15208333333334,42.90800094604492,87.22000122070312,-0.04441817822161909
2023-08-23 00:00:00+02:00,146.5525,36.7859992980957,85.44499969482422,36.546619201200514
2023-08-24 00:00:00+02:00,146.94583333333333,31.937999725341797,82.71499633789062,47.93010163051284
2023-08-25 00:00:00+02:00,116.26083333333334,34.777000427246094,82.26000213623047,11.653626211890952
2023-08-26 00:00:00+02:00,96.51541666666667,34.777000427246094,82.26000213623047,-8.091790454775719
2023-08-27 00:00:00+02:00,101.89916666666666,34.777000427246094,82.26000213623047,-2.708040454775727
2023-08-28 00:00:00+02:00,118.67208333333333,38.41400146484375,82.26000213623047,6.662065225533013
2023-08-29 00:00:00+02:00,122.90375,35.19499969482422,82.375,17.398458538928935
2023-08-30 00:00:00+02:00,114.92750000000001,35.992000579833984,83.41000366210938,7.374434012660146
2023-08-31 00:00:00+02:00,104.29666666666667,35.02899932861328,83.38999938964844,-1.2880660940137005
2023-09-01 00:00:00+02:00,108.57166666666667,35.617000579833984,82.80000305175781,2.0326860106742686
2023-09-02 00:00:00+02:00,95.13333333333333,35.617000579833984,82.80000305175781,-11.405647322659078
2023-09-03 00:00:00+02:00,82.6475,35.617000579833984,82.80000305175781,-23.89148065599241
2023-09-04 00:00:00+02:00,108.44541666666667,35.617000579833984,81.5999984741211,2.3998227899997744
2023-09-05 00:00:00+02:00,103.54208333333334,34.44900131225586,81.4000015258789,-0.04391630127565804
2023-09-06 00:00:00+02:00,105.61791666666666,31.075000762939453,81.3949966430664,8.901470330743877
2023-09-07 00:00:00+02:00,100.98583333333333,32.755001068115234,80.7750015258789,1.1048006112841335
2023-09-08 00:00:00+02:00,108.22708333333333,34.507999420166016,79.3550033569336,5.361807334419012
2023-09-09 00:00:00+02:00,91.51291666666667,34.507999420166016,79.3550033569336,-11.352359332247644
2023-09-10 00:00:00+02:00,85.29791666666667,34.507999420166016,79.3550033569336,-17.567359332247648
2023-09-11 00:00:00+02:00,152.865,35.847999572753906,79.45500183105469,47.231151144663244
2023-09-12 00:00:00+02:00,131.45416666666668,34.70100021362305,78.70999908447266,28.461249856801984
2023-09-13 00:00:00+02:00,109.93666666666667,36.81700134277344,80.7300033569336,1.8062737888445213
2023-09-14 00:00:00+02:00,120.46541666666667,35.520999908447266,80.7750015258789,14.954424977933101
2023-09-15 00:00:00+02:00,108.18583333333333,36.483001708984375,79.70500183105469,1.15670229556126
2023-09-16 00:00:00+02:00,95.20041666666667,36.483001708984375,79.70500183105469,-11.828714371105406
2023-09-17 00:00:00+02:00,87.61541666666666,36.483001708984375,79.70500183105469,-19.413714371105414
2023-09-18 00:00:00+02:00,95.30250000000001,34.474998474121094,78.5250015258789,-7.15434669722903
2023-09-19 00:00:00+02:00,37.5225,36.78200149536133,79.0199966430664,-69.83357738095
2023-09-20 00:00:00+02:00,49.45791666666667,37.284000396728516,80.45500183105469,-59.5099456712156
2023-09-21 00:00:00+02:00,103.0575,39.10499954223633,82.07499694824219,-10.282921180096167
2023-09-22 00:00:00+02:00,103.97833333333334,39.79100036621094,83.2750015258789,-11.25177184565807
2023-09-23 00:00:00+02:00,99.51958333333333,39.79100036621094,83.2750015258789,-15.710521845658079
2023-09-24 00:00:00+02:00,68.815,39.79100036621094,83.2750015258789,-46.41510517899141
2023-09-25 00:00:00+02:00,105.80375,44.44200134277344,82.7750015258789,-18.687501070630944
2023-09-26 00:00:00+02:00,128.76500000000001,40.321998596191406,80.50499725341797,13.592990959939286
2023-09-27 00:00:00+02:00,124.48125,39.29600143432617,80.08499908447266,11.570256209261856
2023-09-28 00:00:00+02:00,112.51958333333333,39.736000061035156,80.55999755859375,-1.4822883700476837
2023-09-29 00:00:00+02:00,105.27416666666666,41.85900115966797,79.30500030517578,-12.532898713576529
2023-09-30 00:00:00+02:00,91.50291666666668,41.85900115966797,79.30500030517578,-26.30414871357651
2023-10-01 00:00:00+02:00,74.04416666666667,41.85900115966797,79.30500030517578,-43.76289871357652
2023-10-02 00:00:00+02:00,118.15041666666667,39.334999084472656,78.80500030517578,5.686323147191473
2023-10-03 00:00:00+02:00,22.955,36.98699951171875,77.70999908447266,-84.27972283082073
2023-10-04 00:00:00+02:00,69.49208333333333,38.441001892089844,79.7249984741211,-41.530614781590955
2023-10-05 00:00:00+02:00,101.60916666666667,36.207000732421875,78.5999984741211,-4.4038608606981455
2023-10-06 00:00:00+02:00,71.60125000000001,38.23099899291992,78.43000030517578,-38.46156102089442
2023-10-07 00:00:00+02:00,44.95416666666667,38.23099899291992,78.43000030517578,-65.10864435422775
2023-10-08 00:00:00+02:00,90.6425,38.23099899291992,78.43000030517578,-19.42031102089443
2023-10-09 00:00:00+02:00,116.01083333333332,43.952999114990234,79.63999938964844,-6.196125737904666
2023-10-10 00:00:00+02:00,112.38541666666667,49.45500183105469,82.81999969482422,-22.32787820288182
2023-10-11 00:00:00+02:00,59.794999999999995,46.06800079345703,81.69999694824219,-67.56384424384686
2023-10-12 00:00:00+02:00,122.70916666666666,53.00199890136719,83.2750015258789,-19.41081951203215
2023-10-13 00:00:00+02:00,68.40625,53.981998443603516,83.48999786376953,-75.79683978645423
2023-10-14 00:00:00+02:00,26.528333333333336,53.981998443603516,83.48999786376953,-117.67475645312089
2023-10-15 00:00:00+02:00,39.61708333333333,53.981998443603516,83.48999786376953,-104.58600645312089
2023-10-16 00:00:00+02:00,133.69875,48.46699905395508,82.15499877929688,1.2698698710094618
2023-10-17 00:00:00+02:00,130.12416666666667,48.895999908447266,80.44000244140625,-2.4727810264156176
2023-10-18 00:00:00+02:00,98.44458333333334,50.83300018310547,79.93499755859375,-37.88733136225268
2023-10-19 00:00:00+02:00,93.40875,50.172000885009766,79.6500015258789,-41.460578705958284
2023-10-20 00:00:00+02:00,87.23666666666666,51.11199951171875,79.66500091552734,-49.5521175724037
2023-10-21 00:00:00+02:00,54.319583333333334,51.11199951171875,79.66500091552734,-82.46920090573704
2023-10-22 00:00:00+02:00,63.947916666666664,51.11199951171875,79.66500091552734,-72.84086757240371
2023-10-23 00:00:00+02:00,125.02416666666666,51.2760009765625,78.62999725341797,-11.67288283822431
2023-10-24 00:00:00+02:00,117.98583333333333,49.263999938964844,78.72000122070312,-14.652962077916143
2023-10-25 00:00:00+02:00,124.30583333333334,49.92399978637695,78.20500183105469,-9.46459238669516
2023-10-26 00:00:00+02:00,121.34541666666667,50.808998107910156,77.5,-13.936484631746026
2023-10-27 00:00:00+02:00,118.35000000000001,50.53200149536133,77.55000305175781,-16.388656852872785
2023-10-28 00:00:00+02:00,83.36583333333333,50.53200149536133,77.55000305175781,-51.372823519539466
2023-10-29 00:00:00+02:00,23.0304,50.53200149536133,77.55000305175781,-111.7082568528728
2023-10-30 00:00:00+01:00,92.88625,50.547000885009766,76.91500091552734,-41.621853134431674
2023-10-31 00:00:00+01:00,104.95,48.00600051879883,77.19000244140625,-24.499177716187447
2023-11-01 00:00:00+01:00,62.88833333333333,47.75699996948242,76.69499969482422,-65.85050222098565
2023-11-02 00:00:00+01:00,59.774166666666666,48.56399917602539,77.18000030517578,-70.80665816067079
2023-11-03 00:00:00+01:00,56.572916666666664,48.05699920654297,75.66999816894531,-72.3551086471333
2023-11-04 00:00:00+01:00,24.815833333333334,48.05699920654297,75.66999816894531,-104.11219198046663
2023-11-05 00:00:00+01:00,29.91125,48.05699920654297,75.66999816894531,-99.01677531379997
2023-11-06 00:00:00+01:00,72.04166666666667,44.832000732421875,74.25,-49.73830632828931
2023-11-07 00:00:00+01:00,99.74583333333334,46.05699920654297,73.7300033569336,-24.313722711127383
2023-11-08 00:00:00+01:00,89.72375,45.777000427246094,73.88500213623047,-33.82962036182505
2023-11-09 00:00:00+01:00,97.21791666666667,48.12900161743164,75.87999725341797,-31.94300550435321
2023-11-10 00:00:00+01:00,94.04875,46.63199996948242,76.86000061035156,-32.46808308115904
2023-11-11 00:00:00+01:00,96.79333333333334,46.63199996948242,76.86000061035156,-29.7234997478257
2023-11-12 00:00:00+01:00,97.99208333333333,46.63199996948242,76.86000061035156,-28.52474974782571
2023-11-13 00:00:00+01:00,94.89416666666666,47.87300109863281,75.52999877929688,-33.60178458928853
2023-11-14 00:00:00+01:00,65.50791666666667,47.608001708984375,76.86000061035156,-62.99548620790161
2023-11-15 00:00:00+01:00,102.40791666666667,47.0369987487793,78.06500244140625,-25.42869892857729
2023-11-16 00:00:00+01:00,117.63416666666666,45.8489990234375,75.3550033569336,-6.6701478082734695
2023-11-17 00:00:00+01:00,121.34083333333332,45.06399917602539,74.66999816894531,-1.0840370231746022
2023-11-18 00:00:00+01:00,91.39666666666666,45.06399917602539,74.66999816894531,-31.028203689841263
2023-11-19 00:00:00+01:00,38.19583333333333,45.06399917602539,74.66999816894531,-84.22903702317458
2023-11-20 00:00:00+01:00,106.08458333333334,45.82099914550781,75.0999984741211,-18.057893437031552
2023-11-21 00:00:00+01:00,123.29833333333333,44.064998626708984,74.0199966430664,3.1740957013195015
2023-11-22 00:00:00+01:00,109.68791666666665,44.61600112915039,73.49500274658203,-11.34198702549692
2023-11-23 00:00:00+01:00,61.64291666666667,46.58000183105469,75.11499786376953,-64.05061355832038
2023-11-24 00:00:00+01:00,63.87125,46.65700149536133,75.02999877929688,-61.94405887193018
2023-11-25 00:00:00+01:00,94.59666666666668,46.65700149536133,75.02999877929688,-31.218642205263507
2023-11-26 00:00:00+01:00,116.35083333333334,46.65700149536133,75.02999877929688,-9.464475538596844
2023-11-27 00:00:00+01:00,114.51041666666667,43.98400115966797,71.48999786376953,-4.40873808226354
2023-11-28 00:00:00+01:00,121.94125000000001,42.77399826049805,71.4000015258789,5.52195716725916
2023-11-29 00:00:00+01:00,140.02291666666667,40.36000061035156,69.45500183105469,29.31680842277372
2023-11-30 00:00:00+01:00,168.75791666666666,42.090999603271484,69.45999908447266,54.5264503154862
2023-12-01 00:00:00+01:00,156.39625,43.49599838256836,71.13999938964844,38.6142873310048
2023-12-02 00:00:00+01:00,116.40499999999999,43.49599838256836,71.13999938964844,-1.376962668995219
2023-12-03 00:00:00+01:00,104.71833333333332,43.49599838256836,71.13999938964844,-13.063629335661886
2023-12-04 00:00:00+01:00,111.75791666666667,40.104000091552734,69.08999633789062,1.722949534961728
2023-12-05 00:00:00+01:00,114.3925,38.132999420166016,67.30000305175781,9.10530269362691
2023-12-06 00:00:00+01:00,129.54041666666666,39.3129997253418,67.82499694824219,21.635574189795676
2023-12-07 00:00:00+01:00,116.60208333333333,39.96799850463867,68.33999633789062,7.152301601412759
2023-12-08 00:00:00+01:00,103.67958333333333,38.597999572753906,67.4000015258789,-2.595197617168296
2023-12-09 00:00:00+01:00,78.41458333333334,38.597999572753906,67.4000015258789,-27.860197617168282
2023-12-10 00:00:00+01:00,55.8725,38.597999572753906,67.4000015258789,-50.40228095050162
2023-12-11 00:00:00+01:00,79.05291666666666,36.11800003051758,66.1500015258789,-21.660090332611006
2023-12-12 00:00:00+01:00,106.06208333333335,34.702999114990234,66.8499984741211,7.941385578880485
2023-12-13 00:00:00+01:00,93.04083333333334,35.8120002746582,67.55500030517578,-7.627007774551274
2023-12-14 00:00:00+01:00,107.12374999999999,34.849998474121094,65.33000183105469,9.328800185234797
2023-12-15 00:00:00+01:00,93.23541666666667,33.18899917602539,65.76000213623047,-1.3555045780798025
2023-12-16 00:00:00+01:00,70.69500000000001,33.18899917602539,65.76000213623047,-23.89592124474646
2023-12-17 00:00:00+01:00,50.717083333333335,33.18899917602539,65.76000213623047,-43.87383791141313
2023-12-18 00:00:00+01:00,77.97416666666668,35.52199935913086,67.80000305175781,-22.204135746494202
2023-12-19 00:00:00+01:00,76.28958333333334,32.56800079345703,67.82499694824219,-17.886378761113946
2023-12-20 00:00:00+01:00,62.005,33.520999908447266,71.21499633789062,-35.504524055976326
2023-12-21 00:00:00+01:00,25.280416666666667,34.202999114990234,73.53500366210938,-74.57114013108689
2023-12-22 00:00:00+01:00,22.655833333333334,34.17399978637695,74.57499694824219,-77.5642952437517
2023-12-23 00:00:00+01:00,30.743333333333336,34.17399978637695,74.57499694824219,-69.4767952437517
2023-12-24 00:00:00+01:00,-3.3708333333333336,34.17399978637695,74.57499694824219,-103.59096191041837
2023-12-25 00:00:00+01:00,0.4070833333333333,34.17399978637695,74.57499694824219,-99.8130452437517
2023-12-26 00:00:00+01:00,16.622083333333332,34.17399978637695,74.57499694824219,-83.5980452437517
2023-12-27 00:00:00+01:00,60.79833333333334,35.51300048828125,74.98999786376953,-42.31784834133121
2023-12-28 00:00:00+01:00,16.669999999999998,33.10499954223633,75.74500274658203,-81.855320775587
2023-12-29 00:00:00+01:00,6.359583333333333,32.349998474121094,76.5999984741211,-90.98053098763869
2023-12-30 00:00:00+01:00,34.055416666666666,32.349998474121094,76.5999984741211,-63.284697654305354
2023-12-31 00:00:00+01:00,9.902916666666666,32.349998474121094,76.5999984741211,-87.43719765430535
2024-01-01 00:00:00+01:00,16.18166666666667,32.349998474121094,76.5999984741211,-81.15844765430535
2024-01-02 00:00:00+01:00,53.07333333333333,30.57200050354004,71.8949966430664,-38.71333433497413
2024-01-03 00:00:00+01:00,45.215,32.79499816894531,73.31999969482422,-51.68228904396459
2024-01-04 00:00:00+01:00,85.41000000000001,33.40999984741211,71.3550033569336,-11.931157186062876
2024-01-05 00:00:00+01:00,91.37041666666666,34.55099868774414,72.1449966430664,-8.617957055384139
2024-01-06 00:00:00+01:00,88.72458333333333,34.55099868774414,72.1449966430664,-11.263790388717467
2024-01-07 00:00:00+01:00,86.32666666666667,34.55099868774414,72.1449966430664,-13.661707055384127
2024-01-08 00:00:00+01:00,102.22958333333332,31.579999923706055,68.19999694824219,9.91043147652286
2024-01-09 00:00:00+01:00,109.39458333333334,30.641000747680664,68.25499725341797,18.964072051283495
2024-01-10 00:00:00+01:00,111.83916666666666,30.941999435424805,65.95999908447266,21.739595629645933
2024-01-11 00:00:00+01:00,109.64791666666667,30.816999435424805,64.24500274658203,20.507900403213853
2024-01-12 00:00:00+01:00,106.04458333333334,31.990999221801758,62.095001220703125,15.398970737396468
2024-01-13 00:00:00+01:00,74.56791666666666,31.990999221801758,62.095001220703125,-16.077695929270206
2024-01-14 00:00:00+01:00,76.15416666666667,31.990999221801758,62.095001220703125,-14.4914459292702
2024-01-15 00:00:00+01:00,86.49666666666667,31.990999221801758,63.439998626708984,-4.701947101696803
2024-01-16 00:00:00+01:00,101.13791666666667,29.6560001373291,61.92499923706055,15.314896143126404
2024-01-17 00:00:00+01:00,99.60666666666667,27.70800018310547,59.83000183105469,18.61000362376312
2024-01-18 00:00:00+01:00,92.73625,27.89299964904785,59.93000030517578,11.32192125851138
2024-01-19 00:00:00+01:00,78.50958333333334,28.429000854492188,59.95000076293945,-4.003954237613044
2024-01-20 00:00:00+01:00,73.66208333333334,28.429000854492188,59.95000076293945,-8.85145423761304
2024-01-21 00:00:00+01:00,50.25875,28.429000854492188,59.95000076293945,-32.254787570946384
2024-01-22 00:00:00+01:00,49.83708333333333,27.263999938964844,59.34000015258789,-30.05438821111526
2024-01-23 00:00:00+01:00,52.28458333333333,27.226999282836914,59.584999084472656,-27.632308785332228
2024-01-24 00:00:00+01:00,33.12291666666667,28.929000854492188,62.1150016784668,-51.29847798739904
2024-01-25 00:00:00+01:00,78.01625,27.784000396728516,59.76499938964844,-3.108379093094854
2024-01-26 00:00:00+01:00,59.22541666666667,28.07900047302246,59.97999954223633,-22.588058563445678
2024-01-27 00:00:00+01:00,68.34875000000001,28.07900047302246,59.97999954223633,-13.464725230112336
2024-01-28 00:00:00+01:00,59.278333333333336,28.07900047302246,59.97999954223633,-22.53514189677901
2024-01-29 00:00:00+01:00,81.03291666666667,28.173999786376953,58.53499984741211,-0.3798041873007634
2024-01-30 00:00:00+01:00,77.96708333333333,29.391000747680664,60.45500183105469,-6.712157695678897
2024-01-31 00:00:00+01:00,76.00458333333333,30.235000610351562,60.88999938964844,-10.57139974637468
2024-02-01 00:00:00+01:00,72.03583333333333,28.990999221801758,59.0099983215332,-11.235119002818635
2024-02-02 00:00:00+01:00,61.661249999999995,29.304000854492188,60.1349983215332,-22.709339284432914
2024-02-03 00:00:00+01:00,35.970416666666665,29.304000854492188,60.1349983215332,-48.400172617766245
2024-02-04 00:00:00+01:00,14.777499999999998,29.304000854492188,60.1349983215332,-69.5930892844329
2024-02-05 00:00:00+01:00,35.84083333333333,28.340999603271484,60.869998931884766,-46.871846063190596
2024-02-06 00:00:00+01:00,45.29291666666666,28.60700035095215,60.36000061035156,-37.75149708102958
2024-02-07 00:00:00+01:00,79.15958333333333,28.18600082397461,59.19499969482422,-2.548926258217861
2024-02-08 00:00:00+01:00,88.69583333333333,27.812000274658203,57.525001525878906,8.43519709705052
2024-02-09 00:00:00+01:00,70.51791666666666,27.117000579833984,55.64500045776367,-7.555135790695942
2024-02-10 00:00:00+01:00,72.1275,27.117000579833984,55.64500045776367,-5.945552457362609
2024-02-11 00:00:00+01:00,61.961666666666666,27.117000579833984,55.64500045776367,-16.11138579069594
2024-02-12 00:00:00+01:00,74.75166666666667,25.729000091552734,53.85499954223633,0.23973912934837927
2024-02-13 00:00:00+01:00,72.22791666666667,25.43600082397461,53.32500076293945,-1.4697242413088674
2024-02-14 00:00:00+01:00,68.16416666666667,24.85700035095215,53.57500076293945,-4.457755794285731
2024-02-15 00:00:00+01:00,70.50125,24.965999603271484,55.189998626708984,-3.006544272067373
2024-02-16 00:00:00+01:00,61.06041666666667,24.82200050354004,54.10499954223633,-11.708177697411855
2024-02-17 00:00:00+01:00,66.65375,24.82200050354004,54.10499954223633,-6.114844364078522
2024-02-18 00:00:00+01:00,53.184583333333336,24.82200050354004,54.10499954223633,-19.584011030745188
2024-02-19 00:00:00+01:00,65.28875000000001,24.82200050354004,50.64500045776367,-6.05725162020822
2024-02-20 00:00:00+01:00,63.223333333333336,24.167999267578125,51.39500045776367,-7.099869109260574
2024-02-21 00:00:00+01:00,57.565416666666664,23.976999282836914,52.099998474121094,-12.658884116173496
2024-02-22 00:00:00+01:00,50.91833333333333,23.19300079345703,49.915000915527344,-16.811833526820458
2024-02-23 00:00:00+01:00,43.73708333333334,22.93400001525879,49.665000915527344,-23.363120615771713
2024-02-24 00:00:00+01:00,57.19833333333333,22.93400001525879,49.665000915527344,-9.90187061577172
2024-02-25 00:00:00+01:00,61.09375,22.93400001525879,49.665000915527344,-6.006453949105051
2024-02-26 00:00:00+01:00,66.26833333333333,24.009000778198242,51.040000915527344,-3.5852814908774633
2024-02-27 00:00:00+01:00,73.83624999999999,24.392000198364258,52.994998931884766,2.399266522277671
2024-02-28 00:00:00+01:00,71.82125,25.618999481201172,54.97999954223633,-2.929328849446179
2024-02-29 00:00:00+01:00,63.20375000000001,24.864999771118164,53.08000183105469,-9.230933779750082
2024-03-01 00:00:00+01:00,71.01333333333334,25.80900001525879,53.654998779296875,-3.579196218217149
2024-03-02 00:00:00+01:00,64.21875,25.80900001525879,53.654998779296875,-10.373779551550484
2024-03-03 00:00:00+01:00,60.47208333333333,25.80900001525879,53.654998779296875,-14.120446218217154
2024-03-04 00:00:00+01:00,75.88791666666667,26.885000228881836,54.185001373291016,-1.1126339262228413
2024-03-05 00:00:00+01:00,74.60125000000001,27.468000411987305,57.130001068115234,-4.796797278132658
2024-03-06 00:00:00+01:00,82.835,26.57200050354004,56.525001525878906,5.509433519707741
2024-03-07 00:00:00+01:00,76.32416666666667,25.992000579833984,56.3650016784668,0.24492604202941948
2024-03-08 00:00:00+01:00,62.32916666666667,26.392000198364258,55.48500061035156,-14.20242364812119
2024-03-09 00:00:00+01:00,45.61083333333334,26.392000198364258,55.48500061035156,-30.920756981454524
2024-03-10 00:00:00+01:00,33.99666666666666,26.392000198364258,55.48500061035156,-42.5349236481212
2024-03-11 00:00:00+01:00,71.67375,24.93000030517578,53.290000915527344,-0.9795789031392275
2024-03-12 00:00:00+01:00,86.47083333333335,24.774999618530273,53.720001220703125,13.956198965101507
2024-03-13 00:00:00+01:00,72.45625,24.902999877929688,53.06999969482422,-0.05166739524563013
2024-03-14 00:00:00+01:00,67.06166666666667,26.048999786376953,55.310001373291016,-8.699823387845328
2024-03-15 00:00:00+01:00,55.9,27.025999069213867,57.0,-22.54494009609987
2024-03-16 00:00:00+01:00,50.361250000000005,27.025999069213867,57.0,-28.083690096099865
2024-03-17 00:00:00+01:00,61.81458333333333,27.025999069213867,57.0,-16.63035676276654
2024-03-18 00:00:00+01:00,81.25041666666667,28.82200050354004,58.154998779296875,-1.325016382301385
2024-03-19 00:00:00+01:00,81.56791666666666,28.865999221801758,58.119998931884766,-1.0826817580076238
2024-03-20 00:00:00+01:00,91.34291666666667,27.742000579833984,57.654998779296875,11.171310044944804
2024-03-21 00:00:00+01:00,81.39,26.402000427246094,56.3650016784668,4.476239026467752
2024-03-22 00:00:00+01:00,68.54083333333334,27.775999069213867,58.5,-12.047400066247093
2024-03-23 00:00:00+01:00,37.57791666666667,27.775999069213867,58.5,-43.010316732913765
2024-03-24 00:00:00+01:00,25.874166666666667,27.775999069213867,58.5,-54.714066732913764
2024-03-25 00:00:00+01:00,84.55708333333332,28.48900032043457,61.915000915527344,1.1135040429382599
2024-03-26 00:00:00+01:00,66.14458333333333,27.131999969482422,60.5,-13.955152000439156
2024-03-27 00:00:00+01:00,76.29666666666667,27.687000274658203,59.31999969482422,-4.4475633618550034
2024-03-28 00:00:00+01:00,51.34916666666666,27.34000015258789,58.994998931884766,-28.555148287187635
2024-03-29 00:00:00+01:00,37.762499999999996,27.34000015258789,58.994998931884766,-42.1418149538543
2024-03-30 00:00:00+01:00,53.24916666666667,27.34000015258789,58.994998931884766,-26.65514828718763
2024-03-31 00:00:00+01:00,55.44521739130435,27.34000015258789,58.994998931884766,-24.45909756254995
2024-04-01 00:00:00+02:00,35.88375,27.34000015258789,58.994998931884766,-44.0205649538543
2024-04-02 00:00:00+02:00,33.35458333333333,26.202999114990234,56.28499984741211,-43.12123405760395
2024-04-03 00:00:00+02:00,87.37291666666665,25.562999725341797,57.625,11.648817897397777
2024-04-04 00:00:00+02:00,64.52625,26.20599937438965,55.77000045776367,-11.743930066879528
2024-04-05 00:00:00+02:00,46.58916666666667,26.606000900268555,57.78499984741211,-31.32365822534595
2024-04-06 00:00:00+02:00,29.74083333333333,26.606000900268555,57.78499984741211,-48.171991558679295
2024-04-07 00:00:00+02:00,20.762083333333333,26.606000900268555,57.78499984741211,-57.150741558679286
2024-04-08 00:00:00+02:00,84.87458333333333,27.908000946044922,60.505001068115234,3.193306798010326
2024-04-09 00:00:00+02:00,57.9925,27.35099983215332,60.89500045776367,-22.71539726159491
2024-04-10 00:00:00+02:00,69.91041666666666,27.100000381469727,59.915000915527344,-9.883661424939788
2024-04-11 00:00:00+02:00,58.80875,29.37700080871582,65.2249984741211,-27.80319891204617
2024-04-12 00:00:00+02:00,60.95083333333333,30.73200035095215,68.20999908447266,-29.646398838487606
2024-04-13 00:00:00+02:00,13.819583333333334,30.73200035095215,68.20999908447266,-76.77764883848761
2024-04-14 00:00:00+02:00,16.74833333333333,30.73200035095215,68.20999908447266,-73.8488988384876
2024-04-15 00:00:00+02:00,70.19250000000001,31.14299964904785,67.4749984741211,-20.939088318380428
2024-04-16 00:00:00+02:00,56.25791666666667,33.138999938964844,70.67500305175781,-40.2520580034329
2024-04-17 00:00:00+02:00,102.00875,31.288999557495117,66.88999938964844,10.820515857512518
2024-04-18 00:00:00+02:00,95.82208333333334,32.308998107910156,68.43000030517578,1.9245499127030428
2024-04-19 00:00:00+02:00,58.81791666666666,30.757999420166016,65.23999786376953,-30.611106310429747
2024-04-20 00:00:00+02:00,58.23875,30.757999420166016,65.23999786376953,-31.190272977096406
2024-04-21 00:00:00+02:00,55.15083333333333,30.757999420166016,65.23999786376953,-34.27818964376308
2024-04-22 00:00:00+02:00,98.53000000000002,29.309999465942383,63.25,12.86645539193492
2024-04-23 00:00:00+02:00,97.75833333333333,28.41699981689453,63.14500045776367,13.955585705890229
2024-04-24 00:00:00+02:00,94.30416666666666,29.01799964904785,63.70500183105469,9.047887369046265
2024-04-25 00:00:00+02:00,90.62708333333335,29.770999908447266,65.25,3.202902774718922
2024-04-26 00:00:00+02:00,86.44416666666666,28.88599967956543,64.05500030517578,1.3126589499743488
2024-04-27 00:00:00+02:00,62.168749999999996,28.88599967956543,64.05500030517578,-22.962757716692316
2024-04-28 00:00:00+02:00,12.987916666666669,28.88599967956543,64.05500030517578,-72.14359105002565
2024-04-29 00:00:00+02:00,80.79916666666666,27.993999481201172,62.80500030517578,-2.002806756591383
2024-04-30 00:00:00+02:00,69.38166666666667,29.118000030517578,65.72000122070312,-16.906630253951306
2024-05-01 00:00:00+02:00,4.385416666666667,28.729999542236328,64.54499816894531,-80.63003045802961
2024-05-02 00:00:00+02:00,36.41916666666666,30.913000106811523,69.51499938964844,-55.08303154933275
2024-05-03 00:00:00+02:00,77.80958333333334,30.527999877929688,68.3949966430664,-12.448485463387811
2024-05-04 00:00:00+02:00,75.14708333333333,30.527999877929688,68.3949966430664,-15.11098546338782
2024-05-05 00:00:00+02:00,54.15625,30.527999877929688,68.3949966430664,-36.10181879672115
2024-05-06 00:00:00+02:00,93.17750000000001,31.801000595092773,68.3949966430664,0.32834486669614193
2024-05-07 00:00:00+02:00,93.03750000000001,31.066999435424805,67.63500213623047,1.9948175922178848
2024-05-08 00:00:00+02:00,91.82333333333334,30.608999252319336,68.65499877929688,1.2934961549549513
2024-05-09 00:00:00+02:00,61.86208333333334,30.864999771118164,70.21499633789062,-29.83022082170853
2024-05-10 00:00:00+02:00,75.99,30.02899932861328,68.2300033569336,-13.184557310632755
2024-05-11 00:00:00+02:00,53.65083333333334,30.02899932861328,68.2300033569336,-35.52372397729941
2024-05-12 00:00:00+02:00,1.7812500000000007,30.02899932861328,68.2300033569336,-87.39330731063275
2024-05-13 00:00:00+02:00,46.41458333333333,29.577999114990234,66.82499694824219,-41.26432669828717
2024-05-14 00:00:00+02:00,27.682916666666667,29.66900062561035,67.19499969482422,-60.33334745701508
2024-05-15 00:00:00+02:00,42.93208333333334,29.733999252319336,66.45999908447266,-44.9142815504094
2024-05-16 00:00:00+02:00,49.55875,30.24799919128418,67.08000183105469,-39.588735367712644
2024-05-17 00:00:00+02:00,69.01291666666667,30.768999099731445,67.22000122070312,-21.252581697496723
2024-05-18 00:00:00+02:00,55.80375,30.768999099731445,67.22000122070312,-34.46174836416339
2024-05-19 00:00:00+02:00,52.502916666666664,30.768999099731445,67.22000122070312,-37.76258169749673
2024-05-20 00:00:00+02:00,64.97916666666667,31.76799964904785,70.86000061035156,-28.816314245889544
2024-05-21 00:00:00+02:00,79.81333333333333,33.00400161743164,72.79499816894531,-17.293508204542903
2024-05-22 00:00:00+02:00,85.84458333333333,34.388999938964844,72.91500091552734,-14.130645903184828
2024-05-23 00:00:00+02:00,93.86791666666666,35.22800064086914,72.5999984741211,-7.685513686766285
2024-05-24 00:00:00+02:00,102.19416666666666,34.1150016784668,72.26499938964844,3.043888720043853
2024-05-25 00:00:00+02:00,72.25625000000001,34.1150016784668,72.26499938964844,-26.8940279466228
2024-05-26 00:00:00+02:00,57.93,34.1150016784668,72.26499938964844,-41.22027794662281
2024-05-27 00:00:00+02:00,106.88166666666666,34.1150016784668,72.26499938964844,7.731388720043853
2024-05-28 00:00:00+02:00,90.75166666666667,33.534000396728516,71.56999969482422,-6.93027987329468
2024-05-29 00:00:00+02:00,79.17666666666666,33.87900161743164,70.83499908447266,-18.905302461147542
2024-05-30 00:00:00+02:00,97.45,35.19200134277344,72.125,-3.834859236257742
2024-05-31 00:00:00+02:00,89.21708333333333,34.222999572753906,70.69499969482422,-9.507503499779617
2024-06-01 00:00:00+02:00,58.94583333333333,34.222999572753906,70.69499969482422,-39.77875349977962
2024-06-02 00:00:00+02:00,23.237916666666667,34.222999572753906,70.69499969482422,-75.48667016644629
2024-06-03 00:00:00+02:00,117.14166666666667,36.013999938964844,70.93000030517578,14.67502713764091
2024-06-04 00:00:00+02:00,107.23166666666667,33.797000885009766,69.69499969482422,9.785318562933199
2024-06-05 00:00:00+02:00,81.72416666666666,33.35499954223633,68.87000274658203,-14.483323862634975
2024-06-06 00:00:00+02:00,86.3675,33.68600082397461,68.70999908447266,-10.447929755827559
2024-06-07 00:00:00+02:00,83.14541666666666,33.10900115966797,68.58000183105469,-12.442129699181123
2024-06-08 00:00:00+02:00,45.96875,33.10900115966797,68.58000183105469,-49.618796365847786
2024-06-09 00:00:00+02:00,27.255416666666665,33.10900115966797,68.58000183105469,-68.33212969918112
2024-06-10 00:00:00+02:00,92.64625000000001,34.257999420166016,68.08499908447266,-5.07646368864134
2024-06-11 00:00:00+02:00,61.632083333333334,34.28499984741211,67.44000244140625,-35.8803944614482
2024-06-12 00:00:00+02:00,91.19125000000001,35.29399871826172,68.0199966430664,-8.61342746827016
2024-06-13 00:00:00+02:00,94.77958333333333,35.7239990234375,68.11499786376953,-5.939383880016848
2024-06-14 00:00:00+02:00,78.395,35.36000061035156,65.73500061035156,-20.60453334753221
2024-06-15 00:00:00+02:00,7.64375,35.36000061035156,65.73500061035156,-91.35578334753221
2024-06-16 00:00:00+02:00,21.404583333333335,35.36000061035156,65.73500061035156,-77.59495001419887
2024-06-17 00:00:00+02:00,94.33749999999999,34.209999084472656,65.33999633789062,-2.158893944080134
2024-06-18 00:00:00+02:00,96.19833333333334,34.70000076293945,65.38500213623047,-1.3139223036664731
2024-06-19 00:00:00+02:00,84.31375,34.70000076293945,67.22000122070312,-13.952972999229573
2024-06-20 00:00:00+02:00,93.79875,34.4640007019043,66.23500061035156,-3.5826276209959502
2024-06-21 00:00:00+02:00,97.13833333333334,33.93600082397461,65.2699966430664,1.2284205593174136
2024-06-22 00:00:00+02:00,52.22208333333333,33.93600082397461,65.2699966430664,-43.68782944068259
2024-06-23 00:00:00+02:00,50.04750000000001,33.93600082397461,65.2699966430664,-45.862412774015915
2024-06-24 00:00:00+02:00,92.08541666666667,34.08000183105469,64.51499938964844,-3.8071778942201036
2024-06-25 00:00:00+02:00,75.59833333333333,34.85300064086914,65.06500244140625,-22.09377155987491
2024-06-26 00:00:00+02:00,103.01416666666667,33.82400131225586,64.55500030517578,7.626193180199408
2024-06-27 00:00:00+02:00,91.79041666666667,34.564998626708984,64.05999755859375,-4.902272390009344
2024-06-28 00:00:00+02:00,63.05041666666667,34.47999954223633,64.56500244140625,-33.67689869136385
2024-06-29 00:00:00+02:00,70.55333333333333,34.47999954223633,64.56500244140625,-26.173982024697196
2024-06-30 00:00:00+02:00,43.7725,34.47999954223633,64.56500244140625,-52.95481535803052
2024-07-01 00:00:00+02:00,91.89083333333333,33.48500061035156,65.18499755859375,-3.0661585599854106
2024-07-02 00:00:00+02:00,85.67666666666666,33.685001373291016,67.75499725341797,-10.744075890796083
2024-07-03 00:00:00+02:00,87.6225,32.691001892089844,67.68000030517578,-6.74420456693538
2024-07-04 00:00:00+02:00,28.09875,32.691001892089844,67.3499984741211,-66.13227296735661
2024-07-05 00:00:00+02:00,36.99125,33.06700134277344,67.15499877929688,-57.92491343617221
2024-07-06 00:00:00+02:00,7.357083333333333,33.06700134277344,67.15499877929688,-87.55908010283888
2024-07-07 00:00:00+02:00,21.64625,33.06700134277344,67.15499877929688,-73.26991343617222
2024-07-08 00:00:00+02:00,88.42333333333333,32.2859992980957,66.07499694824219,-4.459118695245181
2024-07-09 00:00:00+02:00,77.6925,31.334999084472656,65.6449966430664,-13.077474366725156
2024-07-10 00:00:00+02:00,79.01166666666667,30.784000396728516,65.55999755859375,-10.601848300897856
2024-07-11 00:00:00+02:00,91.27208333333334,31.11199951171875,65.6050033569336,0.9724493218956525
2024-07-12 00:00:00+02:00,90.59583333333335,31.7189998626709,66.6500015258789,-1.3689543135187563
2024-07-13 00:00:00+02:00,28.69,31.7189998626709,66.6500015258789,-63.274787646852104
2024-07-14 00:00:00+02:00,24.383333333333336,31.7189998626709,66.6500015258789,-67.58145431351876
2024-07-15 00:00:00+02:00,77.67125,31.371000289916992,64.86499786376953,-12.85130212375013
2024-07-16 00:00:00+02:00,50.30125,32.797000885009766,64.80000305175781,-43.09708401478698
2024-07-17 00:00:00+02:00,76.37666666666667,31.89299964904785,64.0999984741211,-14.893838810272698
2024-07-18 00:00:00+02:00,90.74166666666667,32.67399978637695,63.790000915527344,-1.9910424139632283
2024-07-19 00:00:00+02:00,85.90125,32.16999816894531,63.61000061035156,-5.731598142145998
2024-07-20 00:00:00+02:00,61.99375,32.16999816894531,63.61000061035156,-29.639098142146004
2024-07-21 00:00:00+02:00,54.33083333333334,32.16999816894531,63.61000061035156,-37.302014808812665
2024-07-22 00:00:00+02:00,91.22625,31.839000701904297,62.10499954223633,0.8859068096152214
2024-07-23 00:00:00+02:00,79.50708333333334,31.621999740600586,63.01499938964844,-10.765722726730914
2024-07-24 00:00:00+02:00,65.8625,32.62099838256836,66.13999938964844,-27.728540625437304
2024-07-25 00:00:00+02:00,79.2775,31.77899932861328,64.2249984741211,-11.812361633188956
2024-07-26 00:00:00+02:00,90.94541666666667,32.474998474121094,65.22000122070312,-1.9701923720125905
2024-07-27 00:00:00+02:00,80.8325,32.474998474121094,65.22000122070312,-12.083109038679268
2024-07-28 00:00:00+02:00,46.02125,32.474998474121094,65.22000122070312,-46.89435903867926
2024-07-29 00:00:00+02:00,71.61999999999999,33.87300109863281,65.94999694824219,-24.44126701033531
2024-07-30 00:00:00+02:00,77.24208333333333,34.361000061035156,65.69999694824219,-19.709676171205814
2024-07-31 00:00:00+02:00,79.40458333333333,35.86800003051758,66.66999816894531,-21.01336834719696
2024-08-01 00:00:00+02:00,94.86625,36.96900177001953,68.375,-8.493716965234142
2024-08-02 00:00:00+02:00,93.81208333333332,36.64899826049805,67.65499877929688,-8.600511850700912
2024-08-03 00:00:00+02:00,75.28916666666667,36.64899826049805,67.65499877929688,-27.123428517367557
2024-08-04 00:00:00+02:00,62.09166666666667,36.64899826049805,67.65499877929688,-40.32092851736756
2024-08-05 00:00:00+02:00,99.85625,35.49800109863281,66.18499755859375,0.3908101354187892
2024-08-06 00:00:00+02:00,86.98,36.67599868774414,67.30500030517578,-15.34364899122663
2024-08-07 00:00:00+02:00,92.90958333333333,38.45100021362305,68.4000015258789,-13.477146814947943
2024-08-08 00:00:00+02:00,93.15458333333333,40.095001220703125,68.30000305175781,-16.537258386915397
2024-08-09 00:00:00+02:00,53.31708333333333,40.395999908447266,67.45500183105469,-56.639990304607466
2024-08-10 00:00:00+02:00,49.84708333333333,40.395999908447266,67.45500183105469,-60.109990304607464
2024-08-11 00:00:00+02:00,54.7175,40.395999908447266,67.45500183105469,-55.239573637940794
2024-08-12 00:00:00+02:00,92.05833333333334,39.65800094604492,69.84500122070312,-17.37926323216014
2024-08-13 00:00:00+02:00,99.73833333333333,39.47999954223633,68.83499908447266,-8.921689783499161
2024-08-14 00:00:00+02:00,108.0125,38.96699905395508,69.00499725341797,0.32675096856196717
2024-08-15 00:00:00+02:00,85.52875,39.60100173950195,69.11000061035156,-23.490630954188816
2024-08-16 00:00:00+02:00,108.03875,39.64400100708008,69.76499938964844,-1.3374577830023782
2024-08-17 00:00:00+02:00,93.23583333333333,39.64400100708008,69.76499938964844,-16.14037444966904
2024-08-18 00:00:00+02:00,88.23666666666666,39.64400100708008,69.76499938964844,-21.139541116335707
2024-08-19 00:00:00+02:00,108.19625,39.845001220703125,70.2750015258789,-1.7987663422158704
2024-08-20 00:00:00+02:00,92.11208333333333,37.957000732421875,70.3949966430664,-14.08940263109021
2024-08-21 00:00:00+02:00,52.623333333333335,37.0099983215332,69.81500244140625,-51.41214155919113
2024-08-22 00:00:00+02:00,63.04208333333333,36.58700180053711,69.01499938964844,-39.803493050232895
2024-08-23 00:00:00+02:00,39.125,36.862998962402344,68.83499908447266,-64.20833762968822
2024-08-24 00:00:00+02:00,49.80916666666667,36.862998962402344,68.83499908447266,-53.52417096302155
2024-08-25 00:00:00+02:00,21.86375,36.862998962402344,68.83499908447266,-81.46958762968822
2024-08-26 00:00:00+02:00,99.58541666666667,37.65599822998047,68.83499908447266,-5.362004552637103
2024-08-27 00:00:00+02:00,90.89791666666667,38.68899917602539,69.05999755859375,-16.24460049771625
2024-08-28 00:00:00+02:00,95.9225,38.52000045776367,68.34500122070312,-10.582060766020149
2024-08-29 00:00:00+02:00,112.91083333333334,38.60100173950195,68.6500015258789,6.115999122607732
2024-08-30 00:00:00+02:00,106.6375,39.823001861572266,67.51499938964844,-2.177952347407384
2024-08-31 00:00:00+02:00,79.04625,39.823001861572266,67.51499938964844,-29.769202347407386
2024-09-01 00:00:00+02:00,61.64791666666667,39.823001861572266,67.51499938964844,-47.16753568074072
2024-09-02 00:00:00+02:00,115.07375,39.823001861572266,68.11000061035156,6.013660472494848
2024-09-03 00:00:00+02:00,158.39208333333332,37.19300079345703,65.90499877929688,55.59173619945382
2024-09-04 00:00:00+02:00,125.83666666666666,35.79800033569336,64.8550033569336,26.30743602592996
2024-09-05 00:00:00+02:00,64.42291666666667,36.19499969482422,64.13999938964844,-35.620396118868044
2024-09-06 00:00:00+02:00,76.12708333333333,36.479000091552734,64.18499755859375,-24.512789653413407
2024-09-07 00:00:00+02:00,79.41666666666667,36.479000091552734,64.18499755859375,-21.223206320080067
2024-09-08 00:00:00+02:00,68.99791666666667,36.479000091552734,64.18499755859375,-31.64195632008007
2024-09-09 00:00:00+02:00,99.73083333333334,37.33300018310547,64.2249984741211,-2.663731850623364
2024-09-10 00:00:00+02:00,59.03875,35.28200149536133,63.52000045776367,-38.891316329797654
2024-09-11 00:00:00+02:00,80.93958333333333,36.141998291015625,64.04000091552734,-18.95473475327799
2024-09-12 00:00:00+02:00,112.33833333333332,35.191001892089844,63.189998626708984,14.729170673685331
2024-09-13 00:00:00+02:00,90.81291666666665,35.64799880981445,62.529998779296875,-7.4550633114168505
2024-09-14 00:00:00+02:00,53.83375,35.64799880981445,62.529998779296875,-44.4342299780835
2024-09-15 00:00:00+02:00,62.12625,35.64799880981445,62.529998779296875,-36.141729978083504
2024-09-16 00:00:00+02:00,97.47333333333334,34.08100128173828,61.7599983215332,2.711434406632776
2024-09-17 00:00:00+02:00,88.89416666666666,35.547000885009766,62.540000915527344,-9.172352913928265
2024-09-18 00:00:00+02:00,77.97708333333334,35.244998931884766,61.625,-19.098530206020953
2024-09-19 00:00:00+02:00,77.86874999999999,33.08300018310547,60.73500061035156,-14.440369288411333
2024-09-20 00:00:00+02:00,73.36666666666666,34.444000244140625,61.474998474121094,-22.016907393811834
2024-09-21 00:00:00+02:00,70.02416666666666,34.444000244140625,61.474998474121094,-25.359407393811836
2024-09-22 00:00:00+02:00,76.18166666666667,34.444000244140625,61.474998474121094,-19.201907393811823
2024-09-23 00:00:00+02:00,121.3625,36.21099853515625,61.82500076293945,22.238444047893296
2024-09-24 00:00:00+02:00,91.7725,35.41299819946289,61.79999923706055,-5.717013627822354
2024-09-25 00:00:00+02:00,75.1425,37.319000244140625,63.150001525878906,-26.78158009844934
2024-09-26 00:00:00+02:00,55.002916666666664,37.88999938964844,63.0,-48.02171062754957
2024-09-27 00:00:00+02:00,14.7575,38.11399841308594,63.97999954223633,-89.12598935603029
2024-09-28 00:00:00+02:00,29.070833333333336,38.11399841308594,63.97999954223633,-74.81265602269694
2024-09-29 00:00:00+02:00,58.34625,38.11399841308594,63.97999954223633,-45.537239356030284
2024-09-30 00:00:00+02:00,33.322916666666664,39.04399871826172,63.26499938964844,-72.15953518550248
2024-10-01 00:00:00+02:00,67.835,39.27299880981445,61.82500076293945,-37.521501046057864
2024-10-02 00:00:00+02:00,95.86208333333333,38.617000579833984,61.064998626708984,-7.846710280404096
2024-10-03 00:00:00+02:00,72.65583333333333,39.9119987487793,60.4900016784668,-33.4524082458028
2024-10-04 00:00:00+02:00,96.12958333333334,40.97999954223633,60.13999938964844,-12.008579538527655
2024-10-05 00:00:00+02:00,85.93374999999999,40.97999954223633,60.13999938964844,-22.20441287186101
2024-10-06 00:00:00+02:00,54.89791666666667,40.97999954223633,60.13999938964844,-53.24024620519433
2024-10-07 00:00:00+02:00,83.72,40.24399948120117,60.04499816894531,-22.881036253466576
2024-10-08 00:00:00+02:00,91.31666666666666,38.91899871826172,58.599998474121094,-11.993323990842356
2024-10-09 00:00:00+02:00,83.0675,38.340999603271484,60.61000061035156,-19.89244245178608
2024-10-10 00:00:00+02:00,59.732499999999995,40.292999267578125,62.845001220703125,-48.11950389611268
2024-10-11 00:00:00+02:00,95.20208333333333,39.87900161743164,62.48500061035156,-11.659247301152021
2024-10-12 00:00:00+02:00,56.3725,39.87900161743164,62.48500061035156,-50.48883063448535
2024-10-13 00:00:00+02:00,8.106250000000001,39.87900161743164,62.48500061035156,-98.75508063448535
2024-10-14 00:00:00+02:00,105.58625,40.558998107910156,63.70000076293945,-3.158708807294772
2024-10-15 00:00:00+02:00,94.99708333333332,39.972999572753906,62.7599983215332,-12.16863869740881
2024-10-16 00:00:00+02:00,35.07625,39.24100112915039,61.47999954223633,-70.07327378726264
2024-10-17 00:00:00+02:00,71.5175,39.650001525878906,61.349998474121094,-34.411059368311356
2024-10-18 00:00:00+02:00,102.27375,39.20399856567383,60.45500183105469,-2.3790261765659864
2024-10-19 00:00:00+02:00,85.51625,39.20399856567383,60.45500183105469,-19.136526176565994
2024-10-20 00:00:00+02:00,35.51416666666667,39.20399856567383,60.45500183105469,-69.13860950989933
2024-10-21 00:00:00+02:00,83.03958333333334,40.02399826049805,59.86000061035156,-23.03759636092488
2024-10-22 00:00:00+02:00,103.01458333333333,40.70399856567383,60.709999084472656,-4.796160368554112
2024-10-23 00:00:00+02:00,111.99666666666667,41.380001068115234,62.724998474121094,1.9815012689713853
2024-10-24 00:00:00+02:00,101.67916666666667,42.15399932861328,64.69999694824219,-10.723436044829768
2024-10-25 00:00:00+02:00,112.71583333333332,43.51300048828125,64.80000305175781,-2.494020329879234
2024-10-26 00:00:00+02:00,101.71875,43.51300048828125,64.80000305175781,-13.491103663212556
2024-10-27 00:00:00+02:00,90.334,43.51300048828125,64.80000305175781,-24.875853663212553
2024-10-28 00:00:00+01:00,111.34708333333333,42.51900100708008,64.30999755859375,-1.638099882453389
2024-10-29 00:00:00+01:00,141.17791666666668,42.86899948120117,67.18000030517578,26.30032752999523
2024-10-30 00:00:00+01:00,124.69041666666668,40.90299987792969,63.755001068115234,15.222657469253761
2024-10-31 00:00:00+01:00,105.78958333333333,40.5880012512207,62.584999084472656,-2.555971452508686
2024-11-01 00:00:00+01:00,75.06,39.17499923706055,62.05500030517578,-30.19159637432537
2024-11-02 00:00:00+01:00,106.75875,39.17499923706055,62.05500030517578,1.5071536256746327
2024-11-03 00:00:00+01:00,93.43416666666667,39.17499923706055,62.05500030517578,-11.817429707658704
2024-11-04 00:00:00+01:00,125.86833333333334,40.30099868774414,63.21500015258789,17.847920716669606
2024-11-05 00:00:00+01:00,164.785,40.492000579833984,62.29499816894531,56.754081599916674
2024-11-06 00:00:00+01:00,231.09124999999997,40.38800048828125,61.915000915527344,123.42825249701244
2024-11-07 00:00:00+01:00,159.62208333333334,41.2760009765625,63.775001525878906,49.38688837141591
2024-11-08 00:00:00+01:00,113.38916666666667,42.409000396728516,65.86499786376953,-0.011464241556339516
2024-11-09 00:00:00+01:00,114.47416666666668,42.409000396728516,65.86499786376953,1.0735357584436684
2024-11-10 00:00:00+01:00,114.16916666666667,42.409000396728516,65.86499786376953,0.7685357584436616
2024-11-11 00:00:00+01:00,121.76541666666667,43.72800064086914,65.80000305175781,5.70679411970103
2024-11-12 00:00:00+01:00,166.12291666666667,44.255001068115234,65.3499984741211,49.176650108784116
2024-11-13 00:00:00+01:00,150.0925,43.66600036621094,64.33999633789062,34.76036153782853
2024-11-14 00:00:00+01:00,122.01666666666667,46.2239990234375,66.2300033569336,0.7008520899557169
2024-11-15 00:00:00+01:00,124.17,46.55099868774414,65.69000244140625,2.410628575395478
2024-11-16 00:00:00+01:00,94.35625,46.55099868774414,65.69000244140625,-27.40312142460452
2024-11-17 00:00:00+01:00,63.48166666666666,46.55099868774414,65.69000244140625,-58.27770475793786
2024-11-18 00:00:00+01:00,104.59041666666667,46.900001525878906,67.34500122070312,-18.55978030557216
2024-11-19 00:00:00+01:00,123.9925,45.667999267578125,66.58499908447266,3.6624184151402517
2024-11-20 00:00:00+01:00,115.03083333333332,46.79600143432617,66.62000274658203,-7.609594081964346
2024-11-21 00:00:00+01:00,123.31791666666668,48.303001403808594,67.83499908447266,-2.889433666881203
2024-11-22 00:00:00+01:00,111.30416666666667,47.018001556396484,67.1449966430664,-12.003976786001559
2024-11-23 00:00:00+01:00,76.02125,47.018001556396484,67.1449966430664,-47.28689345266824
2024-11-24 00:00:00+01:00,3.9675,47.018001556396484,67.1449966430664,-119.34064345266823
2024-11-25 00:00:00+01:00,55.01458333333333,47.733001708984375,67.9000015258789,-70.05930638213974
2024-11-26 00:00:00+01:00,112.74958333333332,47.215999603271484,67.26000213623047,-11.008853537804555
2024-11-27 00:00:00+01:00,119.98541666666667,46.762001037597656,66.36499786376953,-2.4809594906284786
2024-11-28 00:00:00+01:00,96.07333333333334,46.762001037597656,65.94999694824219,-26.222413503920023
2024-11-29 00:00:00+01:00,130.24791666666667,47.81100082397461,66.54499816894531,5.572381445617282
2024-11-30 00:00:00+01:00,104.24041666666666,47.81100082397461,66.54499816894531,-20.435118554382726
2024-12-01 00:00:00+01:00,94.59291666666667,47.81100082397461,66.54499816894531,-30.08261855438272
2024-12-02 00:00:00+01:00,109.14791666666667,48.654998779296875,66.82499694824219,-17.360628342170685
2024-12-03 00:00:00+01:00,144.07208333333332,48.55699920654297,66.55999755859375,17.871963827168244
2024-12-04 00:00:00+01:00,182.46916666666667,47.04600143432617,66.04000091552734,59.558355310544755
2024-12-05 00:00:00+01:00,106.20083333333334,46.55099868774414,65.37999725341797,-15.431078193095658
2024-12-06 00:00:00+01:00,86.37458333333332,46.47999954223633,66.55000305175781,-35.593868037909104
2024-12-07 00:00:00+01:00,71.50833333333334,46.47999954223633,66.55000305175781,-50.46011803790908
2024-12-08 00:00:00+01:00,99.06833333333333,46.47999954223633,66.55000305175781,-22.900118037909095
2024-12-09 00:00:00+01:00,99.59125,44.85499954223633,64.4749984741211,-18.216503376773417
2024-12-10 00:00:00+01:00,149.92875,45.551998138427734,66.3550033569336,29.929342679567853
2024-12-11 00:00:00+01:00,266.5441666666667,44.694000244140625,66.91500091552734,148.06089691483044
2024-12-12 00:00:00+01:00,395.33874999999995,42.80400085449219,64.3550033569336,281.7549691479894
2024-12-13 00:00:00+01:00,178.46624999999997,41.21500015258789,62.900001525878906,68.71497692689714
2024-12-14 00:00:00+01:00,101.22666666666667,41.21500015258789,62.900001525878906,-8.524606406436163
2024-12-15 00:00:00+01:00,46.84833333333333,41.21500015258789,62.900001525878906,-62.90293973976951
2024-12-16 00:00:00+01:00,48.67083333333333,40.277000427246094,61.48500061035156,-58.58943646218287
2024-12-17 00:00:00+01:00,86.30083333333333,42.064998626708984,60.77000045776367,-24.30478180848887
2024-12-18 00:00:00+01:00,54.97208333333333,41.00699996948242,61.21500015258789,-53.66302759747305
2024-12-19 00:00:00+01:00,52.03208333333333,43.077999114990234,64.0199966430664,-61.9716586509729
2024-12-20 00:00:00+01:00,76.37333333333333,44.130001068115234,64.125,-39.814843072356126
2024-12-21 00:00:00+01:00,22.135833333333334,44.130001068115234,64.125,-94.05234307235612
2024-12-22 00:00:00+01:00,22.934583333333336,44.130001068115234,64.125,-93.25359307235613
2024-12-23 00:00:00+01:00,59.098749999999995,45.54499816894531,65.49500274658203,-60.53281670823303
2024-12-24 00:00:00+01:00,102.48625,45.73099899291992,65.62000274658203,-17.57530006661814
2024-12-25 00:00:00+01:00,98.625,45.73099899291992,65.62000274658203,-21.43655006661814
2024-12-26 00:00:00+01:00,112.89208333333333,45.73099899291992,65.62000274658203,-7.169466733284807
2024-12-27 00:00:00+01:00,121.70625,47.73099899291992,67.5199966430664,-3.207322796294193
2024-12-28 00:00:00+01:00,122.63833333333334,47.73099899291992,67.5199966430664,-2.2752394629608546
2024-12-29 00:00:00+01:00,105.28041666666667,47.73099899291992,67.5199966430664,-19.633156129627523
2024-12-30 00:00:00+01:00,78.15583333333333,47.632999420166016,67.65499877929688,-46.61377622006374
2024-12-31 00:00:00+01:00,62.1025,48.888999938964844,68.61000061035156,-65.61624631031114
2025-01-01 00:00:00+01:00,0.9545833333333335,48.888999938964844,68.61000061035156,-126.7641629769778
2025-01-02 00:00:00+01:00,92.90958333333333,50.27299880981445,70.94000244140625,-38.58416652007298
2025-01-03 00:00:00+01:00,89.94083333333333,49.62200164794922,71.76000213623047,-40.565012543865464
2025-01-04 00:00:00+01:00,120.79333333333334,49.62200164794922,71.76000213623047,-9.712512543865458
2025-01-05 00:00:00+01:00,72.2375,49.62200164794922,71.76000213623047,-58.2683458771988
2025-01-06 00:00:00+01:00,25.163749999999997,47.32600021362305,70.23500061035156,-100.04176666377786
2025-01-07 00:00:00+01:00,58.290416666666665,47.4739990234375,70.125,-67.17111197863662
2025-01-08 00:00:00+01:00,104.52749999999999,45.558998107910156,68.1500015258789,-16.224175994581117
2025-01-09 00:00:00+01:00,121.53125,44.98699951171875,69.47000122070312,1.4011059774052939
2025-01-10 00:00:00+01:00,112.42750000000001,45.007999420166016,70.84500122070312,-8.310724438729991
2025-01-11 00:00:00+01:00,101.89041666666667,45.007999420166016,70.84500122070312,-18.847807772063334
2025-01-12 00:00:00+01:00,110.06541666666668,45.007999420166016,70.84500122070312,-10.672807772063322
2025-01-13 00:00:00+01:00,129.20166666666668,48.26100158691406,72.31500244140625,1.237831779473268
2025-01-14 00:00:00+01:00,126.8175,46.946998596191406,72.3949966430664,1.4953182005071852
2025-01-15 00:00:00+01:00,222.18124999999998,47.00600051879883,73.91000366210938,96.11607341024846
2025-01-16 00:00:00+01:00,148.10458333333332,46.24100112915039,73.99500274658203,23.561551206404843
2025-01-17 00:00:00+01:00,146.31833333333333,46.887001037597656,74.91999816894531,20.080106857199368
2025-01-18 00:00:00+01:00,134.14916666666667,46.887001037597656,74.91999816894531,7.910940190532713
2025-01-19 00:00:00+01:00,128.72416666666666,46.887001037597656,74.91999816894531,2.485940190532702
2025-01-20 00:00:00+01:00,231.35791666666668,46.887001037597656,75.38999938964844,104.92644727056117
2025-01-21 00:00:00+01:00,168.45624999999998,50.027000427246094,75.33499908447266,35.65618844431188
2025-01-22 00:00:00+01:00,161.44875,48.715999603271484,74.81999969482422,31.528864916291496
2025-01-23 00:00:00+01:00,103.93583333333333,49.12300109863281,76.375,-27.45181392624903
2025-01-24 00:00:00+01:00,78.89958333333334,49.70199966430664,77.18000030517578,-53.99754617196311
2025-01-25 00:00:00+01:00,99.32541666666667,49.70199966430664,77.18000030517578,-33.57171283862978
2025-01-26 00:00:00+01:00,101.46083333333333,49.70199966430664,77.18000030517578,-31.43629617196312
2025-01-27 00:00:00+01:00,60.17333333333334,47.86199951171875,74.9000015258789,-68.04119917215473
2025-01-28 00:00:00+01:00,106.37416666666667,48.2239990234375,75.9800033569336,-23.021232685130798
2025-01-29 00:00:00+01:00,108.13499999999999,51.15599822998047,78.70999908447266,-28.35068704466508
2025-01-30 00:00:00+01:00,131.53166666666667,51.72600173950195,78.01000213623047,-5.826408177665741
2025-01-31 00:00:00+01:00,141.0175,53.23699951171875,79.3499984741211,0.03297078467087999
2025-02-01 00:00:00+01:00,135.44625,53.23699951171875,79.3499984741211,-5.5382792153291405
2025-02-02 00:00:00+01:00,137.12791666666666,53.23699951171875,79.3499984741211,-3.8566125486624685
2025-02-03 00:00:00+01:00,154.50791666666666,53.79399871826172,76.73999786376953,13.462774621596111
2025-02-04 00:00:00+01:00,142.41625,52.04800033569336,76.3949966430664,5.066790082245518
2025-02-05 00:00:00+01:00,141.76916666666668,53.4379997253418,76.80000305175781,1.4239593762191305
2025-02-06 00:00:00+01:00,150.08875,54.50199890136719,77.49500274658203,7.292109543706999
2025-02-07 00:00:00+01:00,121.17666666666668,55.722999572753906,78.08999633789062,-24.349852431659826
2025-02-08 00:00:00+01:00,108.80916666666667,55.722999572753906,78.08999633789062,-36.71735243165983
2025-02-09 00:00:00+01:00,128.41958333333335,55.722999572753906,78.08999633789062,-17.106935764993153
2025-02-10 00:00:00+01:00,121.83541666666667,58.03900146484375,78.41000366210938,-28.53670261806738
2025-02-11 00:00:00+01:00,120.01291666666667,57.76599884033203,78.16000366210938,-29.700740121605534
2025-02-12 00:00:00+01:00,154.32458333333332,55.6609992980957,76.32499694824219,9.649947303126481
2025-02-13 00:00:00+01:00,172.12333333333333,51.382999420166016,74.0999984741211,37.07102494347279
2025-02-14 00:00:00+01:00,179.14416666666668,50.685001373291016,75.55500030517578,44.91434489801918
2025-02-15 00:00:00+01:00,133.6575,50.685001373291016,75.55500030517578,-0.5723217686474982
2025-02-16 00:00:00+01:00,132.65041666666667,50.685001373291016,75.55500030517578,-1.579405101980825
2025-02-17 00:00:00+01:00,153.415,50.685001373291016,73.29499816894531,20.114387332753978
2025-02-18 00:00:00+01:00,132.45458333333332,49.21500015258789,71.4749984741211,2.8943353293431926
2025-02-19 00:00:00+01:00,110.82958333333333,48.263999938964844,70.41000366210938,-16.35710642589919
2025-02-20 00:00:00+01:00,94.94916666666667,47.49399948120117,68.9800033569336,-30.082301192689656
2025-02-21 00:00:00+01:00,90.79833333333333,47.19499969482422,69.99500274658203,-34.0418666455671
2025-02-22 00:00:00+01:00,70.3225,47.19499969482422,69.99500274658203,-54.517699978900424
2025-02-23 00:00:00+01:00,91.04208333333332,47.19499969482422,69.99500274658203,-33.798116645567106
2025-02-24 00:00:00+01:00,91.04875,47.14400100708008,69.92500305175781,-33.65886576131723
2025-02-25 00:00:00+01:00,139.75625,44.29100036621094,67.86000061035156,21.70471226439659
2025-02-26 00:00:00+01:00,135.695,41.33599853515625,67.6500015258789,23.744462968891114
2025-02-27 00:00:00+01:00,126.03208333333333,44.93000030517578,69.08999633789062,6.174196979924659
2025-02-28 00:00:00+01:00,128.77291666666667,44.31999969482422,67.63500213623047,10.75486226743449
2025-03-01 00:00:00+01:00,123.64708333333333,44.31999969482422,67.63500213623047,5.629028934101143
2025-03-02 00:00:00+01:00,91.11833333333334,44.31999969482422,67.63500213623047,-26.899721065898845
2025-03-03 00:00:00+01:00,106.44916666666667,45.2130012512207,67.97000122070312,-13.524253845856705
2025-03-04 00:00:00+01:00,107.76625,43.4640007019043,64.88500213623047,-7.378816422598916
2025-03-05 00:00:00+01:00,78.55375,41.507999420166016,64.82499694824219,-32.585368265236994
2025-03-06 00:00:00+01:00,89.81916666666666,38.2400016784668,63.77000045776367,-14.234449801753982
2025-03-07 00:00:00+01:00,103.99291666666666,39.97100067138672,64.88999938964844,-4.044495399475622
2025-03-08 00:00:00+01:00,90.68583333333333,39.97100067138672,64.88999938964844,-17.351578732808946
2025-03-09 00:00:00+01:00,77.20916666666666,39.97100067138672,64.88999938964844,-30.82824539947562
2025-03-10 00:00:00+01:00,112.8575,41.231998443603516,65.625,1.9512340858874069
2025-03-11 00:00:00+01:00,125.2975,42.709999084472656,64.9000015258789,11.680973656217802
2025-03-12 00:00:00+01:00,124.87083333333334,42.25400161743164,65.86000061035156,11.787744099214365
2025-03-13 00:00:00+01:00,125.14083333333333,42.07600021362305,66.56999969482422,12.128132026641822
2025-03-14 00:00:00+01:00,121.23458333333333,42.290000915527344,67.27999877929688,7.494382500959404
2025-03-15 00:00:00+01:00,92.91916666666667,42.290000915527344,67.27999877929688,-20.82103416570726
2025-03-16 00:00:00+01:00,72.03208333333333,42.290000915527344,67.27999877929688,-41.7081174990406
2025-03-17 00:00:00+01:00,99.11083333333333,41.24800109863281,66.37000274658203,-12.134315564371505
2025-03-18 00:00:00+01:00,90.14458333333334,40.755001068115234,67.66999816894531,-20.63160371784147
2025-03-19 00:00:00+01:00,104.3875,43.35499954223633,70.01000213623047,-12.642868356920161
2025-03-20 00:00:00+01:00,108.29916666666666,42.85499954223633,69.3550033569336,-7.444188147778519
2025-03-21 00:00:00+01:00,73.52374999999999,42.60499954223633,67.69499969482422,-41.02823347362268
2025-03-22 00:00:00+01:00,14.96125,42.60499954223633,67.69499969482422,-99.59073347362266
2025-03-23 00:00:00+01:00,54.96416666666667,42.60499954223633,67.69499969482422,-59.587816806956
2025-03-24 00:00:00+01:00,129.88333333333333,42.74800109863281,67.94499969482422,14.937493648848687
2025-03-25 00:00:00+01:00,111.78000000000002,41.55500030517578,66.93499755859375,-0.32231999188216776
2025-03-26 00:00:00+01:00,114.53375,40.869998931884766,67.26000213623047,3.6920659710903294
2025-03-27 00:00:00+01:00,98.96875,41.20199966430664,65.37999725341797,-11.775722032357152
2025-03-28 00:00:00+01:00,88.34250000000002,40.58700180053711,65.4800033569336,-21.19131330884936
2025-03-29 00:00:00+01:00,84.51291666666667,40.58700180053711,65.4800033569336,-25.020896642182706
2025-03-30 00:00:00+01:00,11.683043478260869,40.58700180053711,65.4800033569336,-97.8507698305885
2025-03-31 00:00:00+02:00,104.40249999999999,40.66699981689453,64.75,-4.9939987113668565
2025-04-01 00:00:00+02:00,94.21916666666668,42.45000076293945,66.29000091552734,-19.43965879206725
2025-04-02 00:00:00+02:00,61.61541666666667,41.26300048828125,65.48500061035156,-49.29638999234465
2025-04-03 00:00:00+02:00,77.49916666666667,39.202999114990234,63.16999816894531,-28.267857035994
2025-04-04 00:00:00+02:00,89.90875,36.4010009765625,60.79999923706055,-9.180606447076599
2025-04-05 00:00:00+02:00,54.82541666666666,36.4010009765625,60.79999923706055,-44.263939780409935
2025-04-06 00:00:00+02:00,38.28541666666667,36.4010009765625,60.79999923706055,-60.80393978040993
2025-04-07 00:00:00+02:00,96.1325,37.0,59.130001068115234,-3.489442226255406
2025-04-08 00:00:00+02:00,98.74624999999999,36.23099899291992,58.915000915527344,0.7779431043019542
2025-04-09 00:00:00+02:00,91.56083333333333,33.66600036621094,58.30500030517578,-0.9358294548947299
2025-04-10 00:00:00+02:00,85.52291666666667,33.292999267578125,59.31999969482422,-6.631854768164629
2025-04-11 00:00:00+02:00,64.63125000000001,33.4630012512207,61.98500061035156,-28.96527223592858
2025-04-12 00:00:00+02:00,65.40541666666667,33.4630012512207,61.98500061035156,-28.19110556926192
2025-04-13 00:00:00+02:00,39.20375,33.4630012512207,61.98500061035156,-54.39277223592859
2025-04-14 00:00:00+02:00,98.15708333333333,34.499000549316406,63.52000045776367,1.820749847103599
2025-04-15 00:00:00+02:00,70.04166666666667,34.40700149536133,63.11000061035156,-25.938837340360294
2025-04-16 00:00:00+02:00,89.57708333333333,35.3120002746582,63.67499923706055,-8.47777137976341
2025-04-17 00:00:00+02:00,98.48666666666666,35.65700149536133,62.7599983215332,0.10579722577304551
2025-04-18 00:00:00+02:00,87.89791666666667,35.65700149536133,62.7599983215332,-10.482952774226945
2025-04-19 00:00:00+02:00,68.91958333333334,35.65700149536133,62.7599983215332,-29.461286107560284
2025-04-20 00:00:00+02:00,65.26416666666667,35.65700149536133,62.7599983215332,-33.11670277422695
2025-04-21 00:00:00+02:00,81.99166666666666,35.65700149536133,62.7599983215332,-16.38920277422696
2025-04-22 00:00:00+02:00,112.64208333333333,34.24399948120117,61.27000045776367,17.749879845302743
2025-04-23 00:00:00+02:00,109.47583333333334,34.15999984741211,63.66999816894531,13.767835210925313
2025-04-24 00:00:00+02:00,96.79625,33.57400131225586,63.2599983215332,2.449575924678257
2025-04-25 00:00:00+02:00,88.52583333333332,32.43199920654297,63.27000045776367,-3.50050352604228
2025-04-26 00:00:00+02:00,57.392500000000005,32.43199920654297,63.27000045776367,-34.6338368593756
2025-04-27 00:00:00+02:00,31.434583333333332,32.43199920654297,63.27000045776367,-60.59175352604227
2025-04-28 00:00:00+02:00,75.74916666666667,32.39799880981445,62.19499969482422,-15.765974282181162
2025-04-29 00:00:00+02:00,73.20291666666667,31.856000900268555,62.0,-17.128858013301894
2025-04-30 00:00:00+02:00,74.95833333333333,32.31700134277344,63.56999969482422,-16.957280916876172
2025-05-01 00:00:00+02:00,44.96625,32.14899826049805,63.939998626708984,-46.75953461854928
2025-05-02 00:00:00+02:00,62.79125,33.077999114990234,65.71499633789062,-31.555235599927023
2025-05-03 00:00:00+02:00,55.077916666666674,33.077999114990234,65.71499633789062,-39.26856893326035
2025-05-04 00:00:00+02:00,33.54208333333333,33.077999114990234,65.71499633789062,-60.80440226659369
2025-05-05 00:00:00+02:00,87.40375,32.93000030517578,65.71499633789062,-6.641496418542005
2025-05-06 00:00:00+02:00,90.96291666666667,34.74300003051758,65.79000091552734,-6.803377278894288
2025-05-07 00:00:00+02:00,98.93,34.53099822998047,67.87000274658203,0.7400167213718021
2025-05-08 00:00:00+02:00,103.17708333333333,35.340999603271484,67.66999816894531,3.420642801278703
2025-05-09 00:00:00+02:00,81.11375,34.61800003051758,67.16999816894531,-16.96550841775806
2025-05-10 00:00:00+02:00,52.30041666666667,34.61800003051758,67.16999816894531,-45.778841751091385
2025-05-11 00:00:00+02:00,19.40666666666667,34.61800003051758,67.16999816894531,-78.67259175109139
2025-05-12 00:00:00+02:00,69.61333333333333,35.38999938964844,69.51499938964844,-31.00142194115766
2025-05-13 00:00:00+02:00,79.50416666666668,35.74399948120117,69.40499877929688,-21.78589894420071
2025-05-14 00:00:00+02:00,69.065,35.04800033569336,68.88999938964844,-30.596673544478605
2025-05-15 00:00:00+02:00,66.23666666666666,35.29399871826172,70.04499816894531,-34.400598443019206
2025-05-16 00:00:00+02:00,73.40333333333334,35.15599822998047,67.93499755859375,-26.085507979136437
2025-05-17 00:00:00+02:00,59.50625,35.15599822998047,67.93499755859375,-39.98259131246977
2025-05-18 00:00:00+02:00,62.932500000000005,35.15599822998047,67.93499755859375,-36.55634131246977
2025-05-19 00:00:00+02:00,95.53541666666666,35.224998474121094,67.38999938964844,-3.869790642167203
2025-05-20 00:00:00+02:00,91.14333333333333,36.979000091552734,70.13500213623047,-12.960616438845165
2025-05-21 00:00:00+02:00,71.3475,36.62099838256836,69.5250015258789,-31.77696303846102
2025-05-22 00:00:00+02:00,61.215833333333336,36.35599899291992,68.9800033569336,-41.14516742184783
2025-05-23 00:00:00+02:00,82.57083333333334,36.45000076293945,68.52999877929688,-19.796478932812434
2025-05-24 00:00:00+02:00,58.1,36.45000076293945,68.52999877929688,-44.26731226614577
2025-05-25 00:00:00+02:00,23.713333333333335,36.45000076293945,68.52999877929688,-78.65397893281244
2025-05-26 00:00:00+02:00,72.91375000000001,36.45000076293945,68.52999877929688,-29.453562266145767
2025-05-27 00:00:00+02:00,61.84708333333333,37.00600051879883,67.94000244140625,-41.40934046467784
2025-05-28 00:00:00+02:00,84.18916666666667,36.6870002746582,68.80000305175781,-18.771551613637186
2025-05-29 00:00:00+02:00,56.29125,35.15800094604492,67.80000305175781,-43.146164130877274
2025-05-30 00:00:00+02:00,48.187083333333334,34.22800064086914,67.54499816894531,-49.25254677250037
2025-05-31 00:00:00+02:00,70.50958333333334,34.22800064086914,67.54499816894531,-26.93004677250036
2025-06-01 00:00:00+02:00,39.5775,34.22800064086914,67.54499816894531,-57.8621301058337
2025-06-02 00:00:00+02:00,87.03791666666666,35.01499938964844,67.93000030517578,-12.161878674863857
2025-06-03 00:00:00+02:00,71.68666666666667,35.847999572753906,69.25499725341797,-29.753408680258502
2025-06-04 00:00:00+02:00,83.11291666666666,35.650001525878906,69.26000213623047,-17.926208017635105
2025-06-05 00:00:00+02:00,80.15791666666667,36.393001556396484,69.69499969482422,-22.57237336946396
2025-06-06 00:00:00+02:00,48.63333333333333,36.250999450683594,70.33499908447266,-54.07106167124038
2025-06-07 00:00:00+02:00,59.71541666666667,36.250999450683594,70.33499908447266,-42.98897833790704
2025-06-08 00:00:00+02:00,22.637083333333333,36.250999450683594,70.33499908447266,-80.06731167124038
2025-06-09 00:00:00+02:00,33.31125,35.60499954223633,70.875,-68.30028987835604
2025-06-10 00:00:00+02:00,54.1225,34.63800048828125,69.82499694824219,-45.08908125753342
2025-06-11 00:00:00+02:00,71.60458333333334,35.91299819946289,71.0,-30.685256274773494
2025-06-12 00:00:00+02:00,59.28041666666667,36.176998138427734,71.9749984741211,-43.94764730687331
2025-06-13 00:00:00+02:00,52.093333333333334,37.89400100708008,72.62999725341797,-54.89885158885373
2025-06-14 00:00:00+02:00,44.375416666666666,37.89400100708008,72.62999725341797,-62.6167682555204
2025-06-15 00:00:00+02:00,61.84458333333333,37.89400100708008,72.62999725341797,-45.14760158885373
2025-06-16 00:00:00+02:00,81.09666666666666,37.90599822998047,72.07499694824219,-25.691746957443627
2025-06-17 00:00:00+02:00,84.645,39.308998107910156,71.2699966430664,-24.668123203357553
2025-06-18 00:00:00+02:00,79.82458333333334,38.69300079345703,71.38500213623047,-28.28201390862796
2025-06-19 00:00:00+02:00,56.0225,38.69300079345703,70.69999694824219,-51.80245456340719
2025-06-20 00:00:00+02:00,87.05333333333334,40.92900085449219,69.84500122070312,-24.9712770901843
2025-06-21 00:00:00+02:00,72.6125,40.92900085449219,69.84500122070312,-39.412110423517646
2025-06-22 00:00:00+02:00,41.464999999999996,40.92900085449219,69.84500122070312,-70.55961042351765
2025-06-23 00:00:00+02:00,38.737500000000004,40.52199935913086,70.1050033569336,-72.56559390847028
2025-06-24 00:00:00+02:00,47.219166666666666,35.6150016784668,70.45999908447266,-54.24210240219202
2025-06-25 00:00:00+02:00,80.14874999999999,35.4010009765625,68.17500305175781,-19.937453120328883
2025-06-26 00:00:00+02:00,91.36458333333333,34.02399826049805,67.71499633789062,-5.729712454885586
2025-06-27 00:00:00+02:00,81.18708333333333,33.08700180053711,68.08999633789062,-14.154217421380721
2025-06-28 00:00:00+02:00,52.51458333333333,33.08700180053711,68.08999633789062,-42.82671742138073
2025-06-29 00:00:00+02:00,54.119166666666665,33.08700180053711,68.08999633789062,-41.22213408804739
2025-06-30 00:00:00+02:00,102.42375,32.89799880981445,66.28500366210938,8.209279107346745
2025-07-01 00:00:00+02:00,138.36458333333334,33.69300079345703,67.76499938964844,41.92344620700317
2025-07-02 00:00:00+02:00,103.88499999999999,33.590999603271484,68.67500305175781,7.2773260335302865
2025-07-03 00:00:00+02:00,86.46583333333332,33.62099838256836,68.91999816894531,-10.303631378035107
2025-07-04 00:00:00+02:00,79.615,33.43000030517578,68.58499908447266,-16.627967881618687
2025-07-05 00:00:00+02:00,53.85666666666666,33.43000030517578,68.58499908447266,-42.38630121495202
2025-07-06 00:00:00+02:00,73.49041666666666,33.43000030517578,68.58499908447266,-22.75255121495202
2025-07-07 00:00:00+02:00,99.97333333333334,33.62099838256836,68.125,3.5307353635218988
2025-07-08 00:00:00+02:00,90.0125,34.21900177001953,67.17500305175781,-7.256688655555891
2025-07-09 00:00:00+02:00,91.79833333333333,34.30400085449219,67.6449966430664,-5.837103622481038
2025-07-10 00:00:00+02:00,90.41333333333334,35.16999816894531,68.12000274658203,-9.180069320350526
2025-07-11 00:00:00+02:00,87.88291666666667,35.56100082397461,67.57499694824219,-12.282257783810692
2025-07-12 00:00:00+02:00,72.25625000000001,35.56100082397461,67.57499694824219,-27.908924450477357
2025-07-13 00:00:00+02:00,73.49083333333333,35.56100082397461,67.57499694824219,-26.67434111714404
2025-07-14 00:00:00+02:00,98.47166666666668,35.45399856567383,67.31999969482422,-1.3708704878790599
2025-07-15 00:00:00+02:00,90.82458333333334,34.44499969482422,68.4800033569336,-7.441161370360547
2025-07-16 00:00:00+02:00,95.75041666666668,34.808998107910156,68.22000122070312,-3.149315379928453
2025-07-17 00:00:00+02:00,92.61208333333333,34.40700149536133,67.52999877929688,-5.185720958910295
2025-07-18 00:00:00+02:00,100.93374999999999,33.595001220703125,67.09500122070312,4.967555277253894
2025-07-19 00:00:00+02:00,70.14208333333333,33.595001220703125,67.09500122070312,-25.824111389412764
2025-07-20 00:00:00+02:00,71.48083333333334,33.595001220703125,67.09500122070312,-24.48536138941276
2025-07-21 00:00:00+02:00,100.23,33.159000396728516,66.99500274658203,5.19236321689786
2025-07-22 00:00:00+02:00,78.38083333333334,33.111000061035156,66.49500274658203,-16.35352574634247
2025-07-23 00:00:00+02:00,78.25083333333333,32.689998626708984,66.55000305175781,-15.649226188677787
2025-07-24 00:00:00+02:00,102.54833333333333,32.358001708984375,67.88999938964844,8.7730807672976
2025-07-25 00:00:00+02:00,97.42833333333334,32.499000549316406,68.50499725341797,3.1132305559939653
2025-07-26 00:00:00+02:00,91.15875,32.499000549316406,68.50499725341797,-3.1563527773393787
2025-07-27 00:00:00+02:00,79.43166666666666,32.499000549316406,68.50499725341797,-14.883436110672719
2025-07-28 00:00:00+02:00,94.07583333333334,32.89899826049805,67.76499938964844,-0.7491781407294127
2025-07-29 00:00:00+02:00,76.9525,34.10300064086914,69.94000244140625,-21.217418856163647
2025-07-30 00:00:00+02:00,75.9525,34.5369987487793,69.68499755859375,-22.995939356025303
2025-07-31 00:00:00+02:00,85.52208333333334,35.27899932861328,70.01499938964844,-15.072317654499486
2025-08-01 00:00:00+02:00,93.19041666666668,33.97200012207031,68.12999725341797,-3.968670586052113
2025-08-02 00:00:00+02:00,67.14708333333333,33.97200012207031,68.12999725341797,-30.012003919385464
2025-08-03 00:00:00+02:00,42.248333333333335,33.97200012207031,68.12999725341797,-54.910753919385456
2025-08-04 00:00:00+02:00,63.45708333333334,34.28300094604492,67.92500305175781,-34.25073584537622
2025-08-05 00:00:00+02:00,36.04958333333334,34.40599822998047,68.30000305175781,-62.06276929527555
2025-08-06 00:00:00+02:00,61.944583333333334,33.25699996948242,68.12999725341797,-33.75918099533113
2025-08-07 00:00:00+02:00,71.79208333333334,32.95100021362305,68.5,-23.440972261258665
2025-08-08 00:00:00+02:00,76.16166666666666,32.44599914550781,70.04000091552734,-18.676679212519858
2025-08-09 00:00:00+02:00,61.42083333333334,32.44599914550781,70.04000091552734,-33.41751254585318
2025-08-10 00:00:00+02:00,46.80291666666667,32.44599914550781,70.04000091552734,-48.03542921251985
2025-08-11 00:00:00+02:00,84.47833333333334,32.999000549316406,69.27999877929688,-11.17312260547061
2025-08-12 00:00:00+02:00,84.95291666666667,32.409000396728516,68.5,-9.176943697120265
2025-08-13 00:00:00+02:00,99.83208333333333,32.599998474121094,68.91000366210938,5.144887701606919
2025-08-14 00:00:00+02:00,105.06166666666667,32.14099884033203,68.06500244140625,11.656152045262047
2025-08-15 00:00:00+02:00,73.61416666666666,31.0310001373291,67.80500030517578,-17.425137625974514
2025-08-16 00:00:00+02:00,60.93291666666667,31.0310001373291,67.80500030517578,-30.106387625974506
2025-08-17 00:00:00+02:00,64.04958333333333,31.0310001373291,67.80500030517578,-26.989720959307846
2025-08-18 00:00:00+02:00,91.53125,31.27199935913086,68.73999786376953,-0.3830160851054387
2025-08-19 00:00:00+02:00,82.38708333333334,31.226999282836914,68.13500213623047,-9.186842403193168
2025-08-20 00:00:00+02:00,91.0075,31.9060001373291,68.55000305175781,-2.11910442455563
2025-08-21 00:00:00+02:00,92.68458333333332,33.17499923706055,69.65499877929688,-3.4792859735637194
2025-08-22 00:00:00+02:00,73.68583333333333,33.573001861572266,69.29499816894531,-23.140121259988902
2025-08-23 00:00:00+02:00,67.87541666666667,33.573001861572266,69.29499816894531,-28.95053792665557
2025-08-24 00:00:00+02:00,63.05416666666667,33.573001861572266,69.29499816894531,-33.77178792665557
2025-08-25 00:00:00+02:00,89.09041666666667,33.77399826049805,69.29499816894531,-8.144649261737555
2025-08-26 00:00:00+02:00,99.78916666666667,33.459999084472656,69.73500061035156,3.0123109618759827
2025-08-27 00:00:00+02:00,104.61874999999999,32.55099868774414,69.37000274658203,9.84215882850863
2025-08-28 00:00:00+02:00,115.89166666666667,31.55900001525879,68.9000015258789,23.327448625782623
2025-08-29 00:00:00+02:00,94.12416666666667,31.621999740600586,70.03500366210938,0.9650572012754992
2025-08-30 00:00:00+02:00,70.19916666666667,31.621999740600586,70.03500366210938,-22.959942798724498
2025-08-31 00:00:00+02:00,57.6225,31.621999740600586,70.03500366210938,-35.536609465391166
2025-09-01 00:00:00+02:00,101.46125,31.621999740600586,71.08499908447266,7.870430631662813
2025-09-02 00:00:00+02:00,122.08791666666667,31.77199935913086,70.37000274658203,28.485759300616536
2025-09-03 00:00:00+02:00,65.6725,32.11199951171875,70.91000366210938,-28.843722779289322
2025-09-04 00:00:00+02:00,87.61166666666666,32.4119987487793,71.61000061035156,-7.802986034473804
2025-09-05 00:00:00+02:00,99.91791666666667,31.9689998626709,72.95999908447266,4.84989371178294
2025-09-06 00:00:00+02:00,75.44583333333334,31.9689998626709,72.95999908447266,-19.62218962155039
2025-09-07 00:00:00+02:00,42.13,31.9689998626709,72.95999908447266,-52.93802295488373
2025-09-08 00:00:00+02:00,123.56208333333332,33.06399917602539,73.61499786376953,25.995975569224143
2025-09-09 00:00:00+02:00,142.45291666666665,32.930999755859375,73.53500366210938,45.190408025092324
2025-09-10 00:00:00+02:00,125.95166666666667,33.12200164794922,74.19999694824219,28.02697496812374
2025-09-11 00:00:00+02:00,72.18041666666666,32.323001861572266,72.625,-23.470411465986032
2025-09-12 00:00:00+02:00,54.13041666666667,32.6619987487793,72.72000122070312,-42.24947137599836
2025-09-13 00:00:00+02:00,60.956250000000004,32.6619987487793,72.72000122070312,-35.423638042665026
2025-09-14 00:00:00+02:00,71.72333333333333,32.6619987487793,72.72000122070312,-24.6565547093317
2025-09-15 00:00:00+02:00,8.830833333333333,32.15399932861328,73.57499694824219,-86.86659942090685
2025-09-16 00:00:00+02:00,19.522499999999997,32.32899856567383,74.23500061035156,-76.80249224295714
2025-09-17 00:00:00+02:00,75.34083333333334,32.4010009765625,73.8949966430664,-20.99091976754579
2025-09-18 00:00:00+02:00,65.73,32.95199966430664,74.48999786376953,-31.967901959674506
2025-09-19 00:00:00+02:00,96.48125,32.30799865722656,74.5999984741211,0.04893095054137575
2025-09-20 00:00:00+02:00,58.70666666666667,32.30799865722656,74.5999984741211,-37.72565238279196
2025-09-21 00:00:00+02:00,32.177083333333336,32.30799865722656,74.5999984741211,-64.2552357161253
2025-09-22 00:00:00+02:00,97.49583333333334,31.8439998626709,73.29499816894531,2.544501168061913
2025-09-23 00:00:00+02:00,103.08749999999999,32.26499938964844,73.7699966430664,7.083960998274264
2025-09-24 00:00:00+02:00,79.18916666666667,31.902999877929688,73.0199966430664,-15.76918708832845
2025-09-25 00:00:00+02:00,81.81208333333333,32.45600128173828,72.7750015258789,-14.1711277189073
2025-09-26 00:00:00+02:00,94.96083333333333,32.696998596191406,73.02999877929688,-1.6177507285623989
2025-09-27 00:00:00+02:00,92.79916666666666,32.696998596191406,73.02999877929688,-3.7794173952290606
2025-09-28 00:00:00+02:00,87.18291666666666,32.696998596191406,73.02999877929688,-9.395667395229069
2025-09-29 00:00:00+02:00,130.56541666666666,32.060001373291016,73.8949966430664,34.92773969701385
2025-09-30 00:00:00+02:00,136.16625,31.410999298095703,72.80999755859375,42.295664197167426
2025-10-01 00:00:00+02:00,116.57166666666666,31.334999084472656,73.49500274658203,22.574130254531042
2025-10-02 00:00:00+02:00,102.69583333333333,31.454999923706055,74.44000244140625,8.06550478281406
2025-10-03 00:00:00+02:00,66.76135416666666,31.437999725341797,76.30500030517578,-28.601173386737173
2025-10-04 00:00:00+02:00,-0.2911458333333333,31.437999725341797,76.30500030517578,-95.65367338673717
2025-10-05 00:00:00+02:00,1.7289583333333332,31.437999725341797,76.30500030517578,-93.6335692200705
2025-10-06 00:00:00+02:00,86.17875,33.11600112915039,75.875,-12.422412485549359
2025-10-07 00:00:00+02:00,137.9565625,33.24599838256836,75.36499786376953,39.30049095298227
2025-10-08 00:00:00+02:00,117.57541666666667,32.70000076293945,76.0999984741211,19.7284790425838
2025-10-09 00:00:00+02:00,104.91010416666667,32.362998962402344,76.23999786376953,7.6915441607969655
2025-10-10 00:00:00+02:00,96.4090625,32.16999816894531,76.34500122070312,-0.4598331147513477
2025-10-11 00:00:00+02:00,90.69125000000001,32.16999816894531,76.34500122070312,-6.177645614751341
2025-10-12 00:00:00+02:00,89.188125,32.16999816894531,76.34500122070312,-7.680770614751353
2025-10-13 00:00:00+02:00,139.0503125,31.475000381469727,75.1449966430664,44.08941344978801
2025-10-14 00:00:00+02:00,156.13677083333332,31.801000595092773,73.99500274658203,60.98515033689051
2025-10-15 00:00:00+02:00,145.72458333333333,31.826000213623047,75.05999755859375,50.084201244062044
2025-10-16 00:00:00+02:00,100.00114583333334,32.37799835205078,76.40499877929688,2.6842150263544085
2025-10-17 00:00:00+02:00,104.405625,31.81599998474121,76.38500213623047,8.240816499573043
2025-10-18 00:00:00+02:00,95.73979166666668,31.81599998474121,76.38500213623047,-0.42501683376028154
2025-10-19 00:00:00+02:00,75.35479166666667,31.81599998474121,76.38500213623047,-20.810016833760287
2025-10-20 00:00:00+02:00,82.2634375,31.73900032043457,76.66000366210938,-13.857712632669788
2025-10-21 00:00:00+02:00,67.8078125,32.20000076293945,76.42500305175781,-29.15504396121419
2025-10-22 00:00:00+02:00,125.06989583333332,31.76799964904785,75.48500061035156,29.372827296107857
2025-10-23 00:00:00+02:00,82.27239583333333,32.45399856567383,75.41500091552734,-14.792185381017063
2025-10-24 00:00:00+02:00,32.32125,32.01599884033203,75.34600067138672,-63.82344972715682
2025-10-25 00:00:00+02:00,11.220208333333332,32.01599884033203,75.34600067138672,-84.92449139382349
2025-10-26 00:00:00+02:00,6.5153,32.01599884033203,75.34600067138672,-89.62939972715682
2025-10-27 00:00:00+01:00,68.4015625,31.399999618530273,74.8550033569336,-26.287446856057116
2025-10-28 00:00:00+01:00,66.67468749999999,31.493999481201172,75.38500213623047,-28.42356186437968
2025-10-29 00:00:00+01:00,87.71885416666667,31.868999481201172,75.9000015258789,-8.354420389467492
2025-10-30 00:00:00+01:00,69.41083333333334,31.04800033569336,75.74500274658203,-24.927637846196333
2025-10-31 00:00:00+01:00,93.243125,31.121999740600586,75.52999877929688,-1.1575660116396307
2025-11-01 00:00:00+01:00,47.63104166666667,31.121999740600586,75.52999877929688,-46.76964934497297
2025-11-02 00:00:00+01:00,85.9121875,31.121999740600586,75.52999877929688,-8.488503511639635
2025-11-03 00:00:00+01:00,78.29458333333334,31.740999221801758,78.23500061035156,-18.478201818494014
2025-11-04 00:00:00+01:00,73.5534375,32.55099868774414,79.16999816894531,-25.2524617832711
2025-11-05 00:00:00+01:00,93.42760416666665,31.819000244140625,78.41500091552734,-3.5779533930262915
2025-11-06 00:00:00+01:00,106.21052083333335,31.54800033569336,77.31999969482422,10.206775109645477
2025-11-07 00:00:00+01:00,110.80458333333333,31.201000213623047,76.62000274658203,15.794933896263075
2025-11-08 00:00:00+01:00,106.46479166666667,31.201000213623047,76.62000274658203,11.455142229596419
2025-11-09 00:00:00+01:00,99.0046875,31.201000213623047,76.62000274658203,3.9950380629297513
2025-11-10 00:00:00+01:00,109.88843750000001,31.070999145507812,76.93499755859375,15.013882946074204
2025-11-11 00:00:00+01:00,96.88729166666667,31.101999282836914,77.68499755859375,1.6412733689405314
2025-11-12 00:00:00+01:00,80.32375,30.933000564575195,78.87999725341797,-15.069614562926162
2025-11-13 00:00:00+01:00,69.84625,30.45800018310547,78.27999877929688,-24.333599249996823
2025-11-14 00:00:00+01:00,106.73312499999999,31.25,77.9800033569336,11.064570800731545
2025-11-15 00:00:00+01:00,90.70489583333334,31.25,77.9800033569336,-4.963658365935103
2025-11-16 00:00:00+01:00,101.43624999999999,31.25,77.9800033569336,5.767695800731545
2025-11-17 00:00:00+01:00,94.71447916666666,31.417999267578125,76.86000061035156,-0.8355297705796971
2025-11-18 00:00:00+01:00,101.96520833333334,31.694000244140625,78.18000030517578,5.310699263953865
2025-11-19 00:00:00+01:00,102.534375,30.940000534057617,77.63500213623047,7.638647408760079
2025-11-20 00:00:00+01:00,125.98635416666667,31.159000396728516,78.25,30.3920118163135
2025-11-21 00:00:00+01:00,146.4821875,30.197999954223633,77.4749984741211,53.16252609964158
2025-11-22 00:00:00+01:00,91.2475,30.197999954223633,77.4749984741211,-2.072161400358425
2025-11-23 00:00:00+01:00,71.42635416666667,30.197999954223633,77.4749984741211,-21.893307233691758
2025-11-24 00:00:00+01:00,132.36197916666666,29.746999740600586,77.58499908447266,39.91506372668282
2025-11-25 00:00:00+01:00,220.5169791666667,29.38599967956543,78.79499816894531,128.30735305290244
2025-11-26 00:00:00+01:00,161.51781250000002,29.368000030517578,78.48500061035156,69.47227992558805
2025-11-27 00:00:00+01:00,91.17833333333333,29.368000030517578,79.2750015258789,-1.1920113414989828
2025-11-28 00:00:00+01:00,85.04822916666667,28.816999435424805,80.07499694824219,-6.5295213299132655
2025-11-29 00:00:00+01:00,90.19322916666665,28.816999435424805,80.07499694824219,-1.3845213299132837
2025-11-30 00:00:00+01:00,84.1484375,28.816999435424805,80.07499694824219,-7.429312996579938
2025-12-01 00:00:00+01:00,93.43135416666667,28.226999282836914,79.55999755859375,3.266243664584735
2025-12-02 00:00:00+01:00,100.37,28.049999237060547,78.75499725341797,10.89613742672303
2025-12-03 00:00:00+01:00,164.80687500000002,28.20599937438965,78.76000213623047,75.01342943535886
2025-12-04 00:00:00+01:00,124.86104166666667,27.08799934387207,79.41999816894531,37.071831461091605
2025-12-05 00:00:00+01:00,133.28635416666665,27.266000747680664,78.80000305175781,45.389750535207796
2025-12-06 00:00:00+01:00,79.61416666666666,27.266000747680664,78.80000305175781,-8.282436964792197
2025-12-07 00:00:00+01:00,80.39229166666667,27.266000747680664,78.80000305175781,-7.504311964792194
2025-12-08 00:00:00+01:00,70.63520833333332,26.871000289916992,78.98500061035156,-16.53346745174302
2025-12-09 00:00:00+01:00,91.57416666666666,27.48900032043457,79.63999938964844,2.8782981603699795
2025-12-10 00:00:00+01:00,78.5034375,26.601999282836914,78.99500274658203,-8.121821685113943
2025-12-11 00:00:00+01:00,94.45552083333332,26.80500030517578,80.7750015258789,6.685216307782085
2025-12-12 00:00:00+01:00,113.4434375,27.68400001525879,80.6500015258789,23.935396947412315
2025-12-13 00:00:00+01:00,95.91864583333334,27.68400001525879,80.6500015258789,6.410605280745656
2025-12-14 00:00:00+01:00,86.20822916666667,27.68400001525879,80.6500015258789,-3.299811385921018
2025-12-15 00:00:00+01:00,87.40270833333334,27.424999237060547,82.02999877929688,-2.1455493309827887
2025-12-16 00:00:00+01:00,106.74447916666666,26.763999938964844,82.1050033569336,18.51079177186628
2025-12-17 00:00:00+01:00,106.39666666666666,27.35700035095215,81.31999969482422,17.278734060709724
2025-12-18 00:00:00+01:00,74.22302083333334,27.652000427246094,80.91500091552734,-15.328842818575112
2025-12-19 00:00:00+01:00,70.07041666666667,28.160999298095703,81.77999877929688,-20.87311895619851
2025-12-20 00:00:00+01:00,103.05697916666666,28.160999298095703,81.77999877929688,12.11344354380148
2025-12-21 00:00:00+01:00,91.56906250000002,28.160999298095703,81.77999877929688,0.6255268771348312
2025-12-22 00:00:00+01:00,85.55427083333332,27.687000274658203,82.33499908447266,-4.652670118674976
2025-12-23 00:00:00+01:00,74.7309375,27.73200035095215,83.06500244140625,-15.86774119757014
2025-12-24 00:00:00+01:00,69.38437499999999,28.094999313354492,82.80999755859375,-21.848311383452938
2025-12-25 00:00:00+01:00,69.75135416666667,28.094999313354492,82.80999755859375,-21.481332216786257
2025-12-26 00:00:00+01:00,97.53479166666666,28.094999313354492,82.80999755859375,6.302105283213734
2025-12-27 00:00:00+01:00,91.44416666666666,28.094999313354492,82.80999755859375,0.21148028321373147
2025-12-28 00:00:00+01:00,92.76677083333334,28.094999313354492,82.80999755859375,1.5340844498804103
2025-12-29 00:00:00+01:00,94.34833333333334,28.534000396728516,82.06999969482422,2.5263501558796264
2025-12-30 00:00:00+01:00,87.75999999999999,27.766000747680664,81.94499969482422,-2.447389957327829
2025-12-31 00:00:00+01:00,87.31375000000001,28.160999298095703,82.02999877929688,-3.73257414311756
2026-01-01 00:00:00+01:00,9.754166666666666,28.160999298095703,82.02999877929688,-81.29215747645091
2026-01-02 00:00:00+01:00,54.690416666666664,29.003999710083008,83.20500183105469,-38.55487150747551
2026-01-03 00:00:00+01:00,88.6715625,29.003999710083008,83.20500183105469,-4.573725674142182
2026-01-04 00:00:00+01:00,94.43583333333333,29.003999710083008,83.20500183105469,1.19054515919116
2026-01-05 00:00:00+01:00,134.4115625,27.39900016784668,82.01499938964844,44.92239082372143
2026-01-06 00:00:00+01:00,127.42458333333333,28.07200050354004,82.77999877929688,36.25104322147091
2026-01-07 00:00:00+01:00,99.39666666666666,28.777000427246094,82.80999755859375,6.775824138512732
2026-01-08 00:00:00+01:00,154.1209375,27.698999404907227,83.0199966430664,63.60793378168809
2026-01-09 00:00:00+01:00,78.70031250000001,28.374000549316406,84.18000030517578,-13.663539751092841
2026-01-10 00:00:00+01:00,97.55666666666667,28.374000549316406,84.18000030517578,5.192814415573821
2026-01-11 00:00:00+01:00,95.7759375,28.374000549316406,84.18000030517578,3.4120852489071467
2026-01-12 00:00:00+01:00,104.34937500000001,30.246000289916992,84.80000305175781,7.920307411210942
2026-01-13 00:00:00+01:00,105.7084375,31.472999572753906,85.30000305175781,6.576338600734829
2026-01-14 00:00:00+01:00,118.13895833333333,31.812999725341797,86.62999725341797,17.767985057265292
2026-01-15 00:00:00+01:00,101.46479166666667,33.15800094604492,86.53500366210938,-1.6047619376301299
2026-01-16 00:00:00+01:00,109.72833333333334,36.87900161743164,86.56500244140625,-0.9273395968431544
2026-01-17 00:00:00+01:00,112.2578125,36.87900161743164,86.56500244140625,1.6021395698235068
2026-01-18 00:00:00+01:00,109.37260416666668,36.87900161743164,86.56500244140625,-1.2830687635098172
2026-01-19 00:00:00+01:00,139.99479166666666,36.87900161743164,82.98999786376953,30.8089964582134
2026-01-20 00:00:00+01:00,156.17010416666668,35.887001037597656,79.94000244140625,50.25746111606273
2026-01-21 00:00:00+01:00,116.99697916666666,39.20800018310547,82.28500366210938,3.360563691699113
2026-01-22 00:00:00+01:00,105.28072916666667,38.07899856567383,83.21499633789062,-6.440068362190914
2026-01-23 00:00:00+01:00,110.29312499999999,40.03900146484375,83.17500305175781,-5.400650862607037
2026-01-24 00:00:00+01:00,111.95552083333332,40.03900146484375,83.17500305175781,-3.7382550292737022
2026-01-25 00:00:00+01:00,111.92833333333333,40.03900146484375,83.17500305175781,-3.765442529273699
2026-01-26 00:00:00+01:00,141.3096875,39.11199951171875,82.33000183105469,27.850172170075723
2026-01-27 00:00:00+01:00,130.60614583333333,38.76100158691406,83.20999908447266,17.499242918663
2026-01-28 00:00:00+01:00,136.82791666666665,38.861000061035156,81.31999969482422,24.294556195692394
2026-01-29 00:00:00+01:00,132.40229166666668,40.112998962402344,78.80999755859375,18.352589917759133
2026-01-30 00:00:00+01:00,113.68802083333333,39.28499984741211,76.80500030517578,2.1480047351089837
2026-01-31 00:00:00+01:00,109.38927083333334,39.28499984741211,76.80500030517578,-2.1507452648910004
2026-02-01 00:00:00+01:00,108.58666666666666,39.28499984741211,76.80500030517578,-2.953349431557683
2026-02-02 00:00:00+01:00,107.74333333333334,33.94499969482422,78.37000274658203,6.42898314071418
2026-02-03 00:00:00+01:00,98.47604166666667,32.86000061035156,77.5199966430664,-0.2804002878437615
2026-02-04 00:00:00+01:00,102.95437500000001,33.500999450683594,78.08499908447266,2.660930534811598
2026-02-05 00:00:00+01:00,110.54197916666668,33.73500061035156,73.55999755859375,11.632717784237414
2026-02-06 00:00:00+01:00,121.88333333333333,35.694000244140625,74.40499877929688,18.639266576649845
2026-02-07 00:00:00+01:00,107.51552083333333,35.694000244140625,74.40499877929688,4.271454076649846
2026-02-08 00:00:00+01:00,104.05239583333334,35.694000244140625,74.40499877929688,0.808329076649855
2026-02-09 00:00:00+01:00,139.27885416666666,33.49599838256836,76.76000213623047,39.540366859345454
2026-02-10 00:00:00+01:00,116.84510416666666,31.84600067138672,74.55000305175781,21.373699143581376
2026-02-11 00:00:00+01:00,112.53614583333332,32.16699981689453,74.27999877929688,16.52238729412612
2026-02-12 00:00:00+01:00,104.544375,32.99399948120117,68.80999755859375,9.09634123643984
2026-02-13 00:00:00+01:00,106.84072916666666,32.5,66.91500091552734,13.1773255742862
2026-02-14 00:00:00+01:00,103.53916666666667,32.5,66.91500091552734,9.875763074286212
2026-02-15 00:00:00+01:00,84.239375,32.5,66.91500091552734,-9.424028592380466
2026-02-16 00:00:00+01:00,94.84375,32.5,65.4000015258789,1.8032445894004923
2026-02-17 00:00:00+01:00,97.57989583333334,29.82200050354004,66.25,9.640753754074154
2026-02-18 00:00:00+01:00,114.15333333333332,31.481000900268555,67.4800033569336,22.331714000198502
2026-02-19 00:00:00+01:00,92.93906249999999,33.52299880981445,67.30000305175781,-2.96486468556796
2026-02-20 00:00:00+01:00,86.99885416666666,32.02899932861328,69.21499633789062,-6.651519513095565
2026-02-21 00:00:00+01:00,62.51458333333333,32.02899932861328,69.21499633789062,-31.135790346428898
2026-02-22 00:00:00+01:00,53.861875,32.02899932861328,69.21499633789062,-39.78849867976223
2026-02-23 00:00:00+01:00,68.05885416666666,31.833999633789062,67.43000030517578,-24.460705563507503
2026-02-24 00:00:00+01:00,114.79364583333334,30.891000747680664,66.94499969482422,24.392891332956466
2026-02-25 00:00:00+01:00,93.6565625,31.049999237060547,68.6500015258789,2.2311614308201086
2026-02-26 00:00:00+01:00,76.8853125,32.2239990234375,66.98500061035156,-16.24509488190212
2026-02-27 00:00:00+01:00,64.92166666666667,31.958999633789062,66.00499725341797,-27.266424273653882
2026-02-28 00:00:00+01:00,53.354166666666664,31.958999633789062,66.00499725341797,-38.833924273653885
2026-03-01 00:00:00+01:00,52.934270833333336,31.958999633789062,66.00499725341797,-39.25382010698721
2026-03-02 00:00:00+01:00,92.86500000000001,44.50600051879883,66.17500305175781,-24.931358915639933
2026-03-03 00:00:00+01:00,106.52447916666667,54.290000915527344,69.4000015258789,-32.51236435817536
2026-03-04 00:00:00+01:00,147.3996875,48.766998291015625,66.50499725341797,20.79474604629341
2026-03-05 00:00:00+01:00,110.85510416666666,50.73099899291992,66.26000213623047,-19.64666547395713
2026-03-06 00:00:00+01:00,123.79895833333335,53.3849983215332,66.18499755859375,-12.073966210467049
2026-03-07 00:00:00+01:00,110.1634375,53.3849983215332,66.18499755859375,-25.709487043800394
2026-03-08 00:00:00+01:00,103.13,53.3849983215332,66.18499755859375,-32.7429245438004
2026-03-09 00:00:00+01:00,135.78739583333333,56.452999114990234,66.80500030517578,-6.585104017339859
2026-03-10 00:00:00+01:00,139.92239583333335,47.393001556396484,68.7750015258789,15.180788130048143
2026-03-11 00:00:00+01:00,79.24552083333333,49.98899841308594,67.65499877929688,-50.31952733785312
2026-03-12 00:00:00+01:00,69.04572916666667,50.869998931884766,64.29499816894531,-60.931043807100295
2026-03-13 00:00:00+01:00,48.4365625,50.1150016784668,65.1050033569336,-80.33651373970562
2026-03-14 00:00:00+01:00,120.7271875,50.1150016784668,65.1050033569336,-8.045888739705632
2026-03-15 00:00:00+01:00,100.29843749999999,50.1150016784668,65.1050033569336,-28.47463873970564
2026-03-16 00:00:00+01:00,73.4978125,50.887001037597656,65.09500122070312,-56.842491355444125
2026-03-17 00:00:00+01:00,126.15708333333333,51.558998107910156,62.67499923706055,-4.556020582393074
2026-03-18 00:00:00+01:00,88.90520833333333,54.6619987487793,62.39500045776367,-48.0086708468978
2026-03-19 00:00:00+01:00,113.79458333333334,61.85200119018555,59.96500015258789,-36.754839058297634
2026-03-20 00:00:00+01:00,143.024375,59.255001068115234,63.6349983215332,-3.748005885538248
2026-03-21 00:00:00+01:00,114.3334375,59.255001068115234,63.6349983215332,-32.43894338553824
2026-03-22 00:00:00+01:00,83.24125,59.255001068115234,63.6349983215332,-63.531130885538246
2026-03-23 00:00:00+01:00,141.913125,56.68299865722656,65.09500122070312,-0.2244465526329975
2026-03-24 00:00:00+01:00,76.80770833333334,54.04100036621094,67.06500244140625,-60.76227102627381
2026-03-25 00:00:00+01:00,37.684895833333336,52.816001892089844,66.86499786376953,-97.30946903654512
2026-03-26 00:00:00+01:00,91.481875,55.21799850463867,67.40499877929688,-48.62357636995043
2026-03-27 00:00:00+01:00,118.52572916666666,54.176998138427734,67.3949966430664,-19.456740730193005
2026-03-28 00:00:00+01:00,80.99927083333334,54.176998138427734,67.3949966430664,-56.98319906352633
2026-03-29 00:00:00+01:00,68.87913043478261,54.176998138427734,67.3949966430664,-69.10333946207706
2026-03-30 00:00:00+02:00,58.44083333333333,54.81399917602539,68.0999984741211,-81.12806320197677
2026-03-31 00:00:00+02:00,117.82802083333333,50.75699996948242,68.11000061035156,-13.487306039806171
2026-04-01 00:00:00+02:00,144.21395833333332,47.5099983215332,70.19999694824219,18.64832083063004
2026-04-02 00:00:00+02:00,114.03500000000001,50.04399871826172,67.20500183105469,-15.456978603978754
2026-04-03 00:00:00+02:00,84.63635416666666,50.04399871826172,67.20500183105469,-44.8556244373121
2026-04-04 00:00:00+02:00,33.074999999999996,50.04399871826172,67.20500183105469,-96.41697860397878
2026-04-05 00:00:00+02:00,-16.340520833333333,50.04399871826172,67.20500183105469,-145.8324994373121
2026-04-06 00:00:00+02:00,3.0358333333333327,50.04399871826172,67.20500183105469,-126.45614527064544
2026-04-07 00:00:00+02:00,89.88864583333333,53.24700164794922,67.42500305175781,-46.21323135861516
2026-04-08 00:00:00+02:00,86.969375,45.30099868774414,67.66000366210938,-33.05570016281342
2026-04-09 00:00:00+02:00,81.63114583333333,46.17499923706055,69.3949966430664,-40.88623368826235
2026-04-10 00:00:00+02:00,119.56520833333333,43.63800048828125,68.44499969482422,2.60227239473015
2026-04-11 00:00:00+02:00,46.57208333333333,43.63800048828125,68.44499969482422,-70.39085260526986
2026-04-12 00:00:00+02:00,79.730625,43.63800048828125,68.44499969482422,-37.23231093860318
2026-04-13 00:00:00+02:00,127.30197916666667,46.41299819946289,68.375,4.719548473682963
2026-04-14 00:00:00+02:00,138.08739583333332,43.3650016784668,70.43000030517578,20.86398500469032
2026-04-15 00:00:00+02:00,117.53041666666667,41.39899826049805,70.04000091552734,4.468990968652079
2026-04-16 00:00:00+02:00,110.68291666666666,42.422000885009766,70.69499969482422,-4.730050610687812
2026-04-17 00:00:00+02:00,104.64916666666666,38.76900100708008,72.58000183105469,-4.103451645877854
2026-04-18 00:00:00+02:00,84.5871875,38.76900100708008,72.58000183105469,-24.165430812544514
2026-04-19 00:00:00+02:00,80.81364583333333,38.76900100708008,72.58000183105469,-27.938972479211188
2026-04-20 00:00:00+02:00,97.70760416666667,40.29199981689453,71.66500091552734,-13.768744300321018
2026-04-21 00:00:00+02:00,82.57125,41.930999755859375,71.32499694824219,-32.101351545703835
2026-04-22 00:00:00+02:00,78.66635416666666,43.551998138427734,70.23500061035156,-38.857497373570965
2026-04-23 00:00:00+02:00,64.21229166666667,44.49599838256836,70.55999755859375,-55.36661712511899
2026-04-24 00:00:00+02:00,76.10989583333334,44.861000061035156,70.75499725341797,-44.29211822371039
2026-04-25 00:00:00+02:00,16.129479166666666,44.861000061035156,70.75499725341797,-104.27253489037706
2026-04-26 00:00:00+02:00,2.9852083333333312,44.861000061035156,70.75499725341797,-117.4168057237104
2026-04-27 00:00:00+02:00,98.35489583333333,44.645999908447266,70.5999984741211,-21.545775040307475
2026-04-28 00:00:00+02:00,70.64510416666667,43.59400177001953,70.8550033569336,-47.21915890705634
2026-04-29 00:00:00+02:00,65.35770833333333,46.85300064086914,68.94999694824219,-58.35672281751964
2026-04-30 00:00:00+02:00,72.06145833333333,45.98699951171875,69.38500213623047,-50.069154211419985
2026-05-01 00:00:00+02:00,-2.0785416666666667,45.76599884033203,69.81999969482422,-123.93817687669419
2026-05-02 00:00:00+02:00,58.85093749999999,45.76599884033203,69.81999969482422,-63.008697710027526
2026-05-03 00:00:00+02:00,74.97208333333333,45.76599884033203,69.81999969482422,-46.88755187669419
2026-05-04 00:00:00+02:00,131.06291666666667,48.143001556396484,69.81999969482422,4.365091519605869
2026-05-05 00:00:00+02:00,128.73041666666668,46.92599868774414,71.46499633789062,3.83335184273416
2026-05-06 00:00:00+02:00,122.44458333333334,43.902000427246094,71.80500030517578,3.5628196677693325
2026-05-07 00:00:00+02:00,136.02770833333332,43.56100082397461,70.87999725341797,18.22033957867214
2026-05-08 00:00:00+02:00,113.81364583333334,44.143001556396484,70.97000122070312,-5.215342163773343
2026-05-09 00:00:00+02:00,88.33270833333334,44.143001556396484,70.97000122070312,-30.69627966377334
2026-05-10 00:00:00+02:00,77.09114583333333,44.143001556396484,70.97000122070312,-41.937842163773354
2026-05-11 00:00:00+02:00,119.25645833333334,46.233001708984375,72.91500091552734,-4.826244483521734
2026-05-12 00:00:00+02:00,93.3053125,46.683998107910156,71.50499725341797,-31.115626952677772
2026-05-13 00:00:00+02:00,113.544375,46.91999816894531,70.9000015258789,-11.108176347797368
2026-05-14 00:00:00+02:00,94.85083333333334,47.654998779296875,70.86000061035156,-31.281303655447232
2026-05-15 00:00:00+02:00,109.81291666666665,50.16699981689453,71.44999694824219,-21.674767437626954
2026-05-16 00:00:00+02:00,78.29833333333333,50.16699981689453,71.44999694824219,-53.189350770960274
2026-05-17 00:00:00+02:00,83.003125,50.16699981689453,71.44999694824219,-48.48455910429361
2026-05-18 00:00:00+02:00,138.94697916666667,50.25,71.42500305175781,7.300631484079503
2026-05-19 00:00:00+02:00,128.1185416666667,51.816001892089844,70.79499816894531,-6.456242624432008
2026-05-20 00:00:00+02:00,108.898125,49.42499923706055,71.30000305175781,-21.017608469398795
2026-05-21 00:00:00+02:00,109.14958333333334,49.40800094604492,70.875,-20.556809799263675
2026-05-22 00:00:00+02:00,106.34854166666666,48.68299865722656,72.66000366210938,-22.616081571624918
2026-05-23 00:00:00+02:00,79.7821875,48.68299865722656,72.66000366210938,-49.182435738291574
2026-05-24 00:00:00+02:00,66.7234375,48.68299865722656,72.66000366210938,-62.24118573829158
2026-05-25 00:00:00+02:00,81.4465625,48.68299865722656,72.66000366210938,-47.51806073829158
2026-05-26 00:00:00+02:00,97.86791666666666,47.47200012207031,73.82499694824219,-29.11081222731916
2026-05-27 00:00:00+02:00,84.04510416666666,46.41299819946289,74.38999938964844,-41.010418072641045
2026-05-28 00:00:00+02:00,122.31854166666666,46.92100143432617,75.6449966430664,-4.286975850584682
2026-05-29 00:00:00+02:00,102.88156250000002,46.000999450683594,76.1449966430664,-22.056945077005906
2026-05-30 00:00:00+02:00,85.86520833333333,46.000999450683594,76.1449966430664,-39.073299243672594
2026-05-31 00:00:00+02:00,89.90020833333334,46.000999450683594,76.1449966430664,-35.03829924367258
2026-06-01 00:00:00+02:00,151.8646875,49.09000015258789,74.7750015258789,21.20205680426332
2026-06-02 00:00:00+02:00,122.02083333333333,47.606998443603516,74.94999694824219,-5.695221678163591
2026-06-03 00:00:00+02:00,102.63583333333334,48.86399841308594,74.41000366210938,-27.4167193897117
2026-06-04 00:00:00+02:00,61.341145833333336,48.75199890136719,72.93000030517578,-67.87493184428254
2026-06-05 00:00:00+02:00,100.36270833333333,48.49599838256836,72.76000213623047,-28.262406289273855
2026-06-06 00:00:00+02:00,88.42177083333333,48.49599838256836,72.76000213623047,-40.20334378927386
2026-06-07 00:00:00+02:00,42.665416666666665,48.49599838256836,72.76000213623047,-85.95969795594053
2026-06-08 00:00:00+02:00,124.25104166666667,49.82600021362305,72.86499786376953,-7.124349707451998
2026-06-09 00:00:00+02:00,96.8746875,48.74399948120117,71.91999816894531,-31.909841527738905
2026-06-10 00:00:00+02:00,122.50895833333334,49.98899841308594,73.19999694824219,-9.335938464205555
2026-06-11 00:00:00+02:00,112.0634375,49.689998626708984,73.04499816894531,-19.109141895147403
2026-06-12 00:00:00+02:00,97.46125,46.77299880981445,73.05000305175781,-27.77607836610936
2026-06-13 00:00:00+02:00,26.8171875,46.77299880981445,73.05000305175781,-98.42014086610936
2026-06-14 00:00:00+02:00,25.11927083333333,46.77299880981445,73.05000305175781,-100.11805753277604
2026-06-15 00:00:00+02:00,74.26479166666667,42.50699996948242,75.57499694824219,-43.32761491388969
2026-06-16 00:00:00+02:00,113.07916666666667,41.76900100708008,75.55999755859375,-3.0049377785114615
2026-06-17 00:00:00+02:00,117.62895833333333,41.915000915527344,75.43499755859375,1.2990775632065663
2026-06-18 00:00:00+02:00,139.9175,40.52299880981445,75.37999725341797,26.443536525534526
2026-06-19 00:00:00+02:00,108.181875,40.52299880981445,76.13999938964844,-5.604566454352593
2026-06-20 00:00:00+02:00,87.47083333333335,40.52299880981445,76.13999938964844,-26.315608121019253
2026-06-21 00:00:00+02:00,83.0025,40.52299880981445,76.13999938964844,-30.7839414543526
2026-06-22 00:00:00+02:00,124.08614583333333,41.887001037597656,76.99500274658203,7.17185397009861
2026-06-23 00:00:00+02:00,174.91166666666666,42.013999938964844,76.56999969482422,57.913620915965794
2026-06-24 00:00:00+02:00,207.83802083333333,40.875999450683594,76.44999694824219,93.20561937958101
2026-06-25 00:00:00+02:00,133.5404166666667,40.404998779296875,76.36000061035156,19.90369999134022
2026-06-26 00:00:00+02:00,135.114375,40.78200149536133,75.98999786376953,20.862429012125432
2026-06-27 00:00:00+02:00,99.42395833333335,40.78200149536133,75.98999786376953,-14.827987654541218
2026-06-28 00:00:00+02:00,85.00322916666667,40.78200149536133,75.98999786376953,-29.248716821207893
2026-06-29 00:00:00+02:00,140.275,42.564998626708984,74.8550033569336,22.86057031384172
2026-06-30 00:00:00+02:00,187.32697916666666,43.444000244140625,75.86499786376953,67.7081519478145
2026-07-01 00:00:00+02:00,151.43239583333335,42.77899932861328,75.3550033569336,33.37680860208184
2026-07-02 00:00:00+02:00,73.309375,44.01499938964844,75.13999938964844,-47.17358707278123
2026-07-03 00:00:00+02:00,59.54260416666667,44.01499938964844,76.31500244140625,-61.42346520604348
2026-07-04 00:00:00+02:00,63.401562500000004,44.01499938964844,76.31500244140625,-57.56450687271015
2026-07-05 00:00:00+02:00,62.754583333333336,44.01499938964844,76.31500244140625,-58.211486039376815
2026-07-06 00:00:00+02:00,98.8271875,44.13100051879883,77.52999877929688,-22.874543157880737
2026-07-07 00:00:00+02:00,72.80229166666666,46.57600021362305,75.98500061035156,-53.24079878094999
2026-07-08 00:00:00+02:00,98.9575,49.02199935913086,74.78500366210938,-31.570833195353046
2026-07-09 00:00:00+02:00,124.21302083333335,50.10200119018555,74.7249984741211,-8.488894253086372
2026-07-10 00:00:00+02:00,123.67427083333332,48.654998779296875,75.05999755859375,-6.220128283566353
2026-07-11 00:00:00+02:00,94.60427083333333,48.654998779296875,75.05999755859375,-35.29012828356635
2026-07-12 00:00:00+02:00,75.2271875,48.654998779296875,75.05999755859375,-54.66721161689968
2026-07-13 00:00:00+02:00,119.10770833333333,51.275001525878906,76.5999984741211,-16.752664590850202
2026-07-14 00:00:00+02:00,123.96833333333332,52.95899963378906,77.02999877929688,-15.496473072542997
2026-07-15 00:00:00+02:00,136.42416666666665,54.35300064086914,76.81500244140625,-5.7896154095254815
2026-07-16 00:00:00+02:00,159.8621875,54.78499984741211,74.7750015258789,17.60786192369295
2026-07-17 00:00:00+02:00,140.62812499999998,57.39500045776367,75.25499725341797,-7.135990414113792
2026-07-18 00:00:00+02:00,82.46145833333334,57.39500045776367,75.25499725341797,-65.30265708078043
2026-07-19 00:00:00+02:00,70.95791666666666,57.39500045776367,75.25499725341797,-76.80619874744711
2026-07-20 00:00:00+02:00,103.16395833333333,58.742000579833984,78.74500274658203,-48.77679300931585
2026-07-21 00:00:00+02:00,112.95958333333334,59.66299819946289,78.6050033569336,-40.79822020333157
2026-07-22 00:00:00+02:00,100.4346875,62.5369987487793,81.7699966430664,-60.474203342008366
2026-07-23 00:00:00+02:00,117.65447916666666,61.89799880981445,79.61000061035156,-41.06568963672326
2026-07-24 00:00:00+02:00,130.53270833333332,63.57500076293945,79.02999877929688,-31.36238736452424
2026-07-25 00:00:00+02:00,91.116875,63.57500076293945,79.02999877929688,-70.77822069785756
2026-07-26 00:00:00+02:00,90.16927083333333,63.57500076293945,79.02999877929688,-71.72582486452423
2026-07-27 00:00:00+02:00,77.0884375,58.25299835205078,77.9800033569336,-73.54245814451733
2026-07-28 00:00:00+02:00,116.82375,57.73699951171875,77.98999786376953,-32.76098250600485
2026-07-29 00:00:00+02:00,126.83614583333333,60.41999816894531,77.68000030517578,-28.082148957203643
2026-07-30 00:00:00+02:00,121.32541666666667,58.180999755859375,77.25499725341797,-28.86084264749944
2026-07-31 00:00:00+02:00,148.59229166666668,59.07099914550781,77.01000213623047,-3.3047561188541295
2026-08-01 00:00:00+02:00,119.74354166666667,59.07099914550781,77.01000213623047,-32.15350611885414
2026-08-02 00:00:00+02:00,105.45604166666668,59.07099914550781,77.01000213623047,-46.44100611885413
2026-08-03 00:00:00+02:00,128.091875,57.505001068115234,76.81999969482422,-20.53959458369576
2026-08-04 00:00:00+02:00,149.78802083333332,55.92100143432617,77.11499786376953,4.259360131506298
2026-08-05 00:00:00+02:00,110.51854166666668,52.40399932861328,77.0199966430664,-27.81249568426493
2026-08-06 00:00:00+02:00,99.50885416666667,55.76900100708008,77.63500213623047,-45.92422427542296
2026-08-07 00:00:00+02:00,122.07677083333334,55.54399871826172,79.01000213623047,-23.46367115685652
2026-08-08 00:00:00+02:00,99.08666666666666,55.54399871826172,79.01000213623047,-46.4537753235232
2026-08-09 00:00:00+02:00,94.47458333333333,55.54399871826172,79.01000213623047,-51.065858656856534
2026-08-10 00:00:00+02:00,117.90864583333332,60.79800033569336,77.91000366210938,-37.87360752599794
2026-08-11 00:00:00+02:00,110.38197916666667,58.73500061035156,78.20500183105469,-41.3225007442322
2026-08-12 00:00:00+02:00,138.40166666666667,61.020999908447266,77.63999938964844,-17.723470286633244
2026-08-13 00:00:00+02:00,147.068125,60.400001525878906,78.40499877929688,-8.107554379802309
2026-08-14 00:00:00+02:00,140.33135416666667,61.42399978637695,77.81500244140625,-16.686008502865207
2026-08-15 00:00:00+02:00,120.0984375,61.42399978637695,77.81500244140625,-36.918925169531875
2026-08-16 00:00:00+02:00,138.0740625,61.42399978637695,77.81500244140625,-18.94330016953188
2026-08-17 00:00:00+02:00,176.73187500000003,61.75699996948242,77.40499877929688,19.205293027884437
2026-08-18 00:00:00+02:00,163.92885416666667,63.645999908447266,78.0,2.312733856373029
2026-08-19 00:00:00+02:00,166.02645833333335,63.38100051879883,77.56500244140625,5.1285731064599815
2026-08-20 00:00:00+02:00,148.22187499999998,65.29499816894531,78.08000183105469,-16.783536233092548
2026-08-21 00:00:00+02:00,169.56208333333333,65.86499786376953,78.5,3.2238015019278237
2026-08-22 00:00:00+02:00,101.48916666666666,65.86499786376953,78.5,-64.84911516473885
2026-08-23 00:00:00+02:00,85.56541666666668,65.86499786376953,78.5,-80.77286516473883
2026-08-24 00:00:00+02:00,143.18354166666668,68.31999969482422,79.55999755859375,-28.587513089409356
2026-08-25 00:00:00+02:00,141.42666666666665,66.58799743652344,80.04000091552734,-27.01639789970821
2026-08-26 00:00:00+02:00,153.65354166666665,65.6259994506836,78.6050033569336,-12.241451471505911
2026-08-27 00:00:00+02:00,125.54135416666666,68.09500122070312,78.15499877929688,-45.19406405869684
2026-08-28 00:00:00+02:00,143.5533333333333,66.97899627685547,78.62999725341797,-25.10584786358487
2026-08-29 00:00:00+02:00,86.34791666666666,66.97899627685547,78.62999725341797,-82.31126453025152
2026-08-30 00:00:00+02:00,75.628125,66.97899627685547,78.62999725341797,-93.03105619691819
2026-08-31 00:00:00+02:00,111.85208333333334,69.80899810791016,78.62999725341797,-62.567329557162466
2026-09-01 00:00:00+02:00,143.80052083333334,72.21800231933594,79.0,-35.67434649688431
2026-09-02 00:00:00+02:00,163.73364583333333,73.63400268554688,79.79499816894531,-18.950238383385255
2026-09-03 00:00:00+02:00,133.61989583333335,71.80999755859375,79.19499969482422,-45.1046869001253
2026-09-04 00:00:00+02:00,88.95364583333333,71.9520034790039,79.83000183105469,-90.32106177683755
2026-09-05 00:00:00+02:00,42.14010416666667,71.9520034790039,79.83000183105469,-137.1346034435042
2026-09-06 00:00:00+02:00,107.55479166666667,71.9520034790039,79.83000183105469,-71.7199159435042
2026-09-07 00:00:00+02:00,155.880625,71.9520034790039,80.58499908447266,-23.704502812064675
2026-09-08 00:00:00+02:00,146.5790625,75.84100341796875,81.16500091552734,-41.16026907521936
2026-09-09 00:00:00+02:00,143.1525,79.24600219726562,81.36499786376953,-51.59965095816622
2026-09-10 00:00:00+02:00,191.82291666666666,82.0469970703125,81.55500030517578,-8.708545030785018
2026-09-11 00:00:00+02:00,195.22614583333333,79.5199966430664,81.45500183105469,-0.12070336866025855
2026-09-12 00:00:00+02:00,137.95885416666667,79.5199966430664,81.45500183105469,-57.387995035326924
2026-09-13 00:00:00+02:00,166.10239583333333,79.5199966430664,81.45500183105469,-29.24445336866026
2026-09-14 00:00:00+02:00,256.54531249999997,82.56600189208984,83.79499816894531,54.03647569516221
2026-09-15 00:00:00+02:00,180.06989583333333,80.05999755859375,81.13999938964844,-16.246565463843012
2026-09-16 00:00:00+02:00,182.33447916666668,78.02999877929688,80.52999877929688,-9.599285402262353
2026-09-17 00:00:00+02:00,142.88593749999998,76.35199737548828,81.62000274658203,-46.080555335941085
2026-09-18 00:00:00+02:00,120.52583333333332,79.51799774169922,82.53500366210938,-75.26099443268602
2026-09-19 00:00:00+02:00,42.6653125,79.51799774169922,82.53500366210938,-153.12151526601934
2026-09-20 00:00:00+02:00,21.752604166666668,79.51799774169922,82.53500366210938,-174.03422359935269
2026-09-21 00:00:00+02:00,96.59750000000001,73.25299835205078,82.44000244140625,-86.39838610872143
2026-09-22 00:00:00+02:00,226.17520833333333,73.33999633789062,82.50499725341797,42.97552222895504
2026-09-23 00:00:00+02:00,180.68010416666667,72.01000213623047,81.7249984741211,0.5082095442304251
2026-09-24 00:00:00+02:00,138.11989583333335,75.10600280761719,82.45999908447266,-48.65584734330142
2026-09-25 00:00:00+02:00,176.62989583333334,72.07099914550781,82.625,-4.036192392817327
2026-09-26 00:00:00+02:00,150.0684375,72.07099914550781,82.625,-30.597650726150675
2026-09-27 00:00:00+02:00,111.05510416666668,72.07099914550781,82.625,-69.61098405948398
2026-09-28 00:00:00+02:00,195.3965625,73.43699645996094,81.93000030517578,12.235853113461332
2026-09-29 00:00:00+02:00,165.83010416666667,69.80500030517578,81.5999984741211,-9.802299653704239
2026-09-30 00:00:00+02:00,140.74635416666666,69.80500030517578,81.5999984741211,-34.88604965370425
